Workbook

Sheet Internal Tracker
A1: Area | B1: Predicted Votes | C1: Actual Votes | D1: Jackson % Predicted | E1: Jackson Count Predicted | F1: Jones % Predicted | G1: Jones Count Predicted | H1: ROF % Predicted | I1: ROF Count Predicted
A2: Cobb | B2: =CountyTops!E6 -> 67850.6 | D2: 0.34 | E2: =B2*D2 -> 23069.204 | F2: 0.25 | G2: =B2*F2 -> 16962.65 | H2: 0.41 | I2: =B2-(E2+G2) -> 27818.746
A3: Gwinnett | B3: =CountyTops!E7 -> 54995.7 | D3: 0.35 | E3: =B3*D3 -> 19248.495 | F3: 0.27 | G3: =B3*F3 -> 14848.839 | H3: 0.38 | I3: =B3-(E3+G3) -> 20898.366
A4: Fulton | B4: =CountyTops!E8 -> 47204.3 | D4: 0.34 | E4: =B4*D4 -> 16049.462 | F4: 0.24 | G4: =B4*F4 -> 11329.032 | H4: 0.42 | I4: =B4-(E4+G4) -> 19825.806
A5: Cherokee | B5: =CountyTops!E9 -> 36394.2 | D5: 0.42 | E5: =B5*D5 -> 15285.564 | F5: 0.23 | G5: =B5*F5 -> 8370.666 | H5: 0.35 | I5: =B5-(E5+G5) -> 12737.97
A6: Forsyth | B6: =CountyTops!E10 -> 30326.3 | D6: 0.4 | E6: =B6*D6 -> 12130.52 | F6: 0.3 | G6: =B6*F6 -> 9097.89 | H6: 0.3 | I6: =B6-(E6+G6) -> 9097.89
A7: Hall | B7: =CountyTops!E11 -> 24588.3 | D7: 0.36 | E7: =B7*D7 -> 8851.788 | F7: 0.28 | G7: =B7*F7 -> 6884.724 | H7: 0.36 | I7: =B7-(E7+G7) -> 8851.788
A8: DeKalb | B8: =CountyTops!E12 -> 22326.8 | D8: 0.44 | E8: =B8*D8 -> 9823.792 | F8: 0.25 | G8: =B8*F8 -> 5581.7 | H8: 0.31 | I8: =B8-(E8+G8) -> 6921.308
A9: Columbia | B9: =CountyTops!E13 -> 18897.9 | D9: 0.46 | E9: =B9*D9 -> 8693.034 | F9: 0.3 | G9: =B9*F9 -> 5669.37 | H9: 0.24 | I9: =B9-(E9+G9) -> 4535.496
A10: Chatham | B10: =CountyTops!E14 -> 18257.1 | D10: 0.37 | E10: =B10*D10 -> 6755.127 | F10: 0.29 | G10: =B10*F10 -> 5294.559 | H10: 0.34 | I10: =B10-(E10+G10) -> 6207.414
A11: Coweta | B11: =CountyTops!E15 -> 17804.8 | D11: 0.4 | E11: =B11*D11 -> 7121.92 | F11: 0.35 | G11: =B11*F11 -> 6231.68 | H11: 0.25 | I11: =B11-(E11+G11) -> 4451.2
A12: Paulding | B12: =CountyTops!E16 -> 17306.2 | D12: 0.37 | E12: =B12*D12 -> 6403.294 | F12: 0.28 | G12: =B12*F12 -> 4845.736 | H12: 0.35 | I12: =B12-(E12+G12) -> 6057.17
A13: Henry | B13: =CountyTops!E17 -> 17008.4 | D13: 0.34 | E13: =B13*D13 -> 5782.856 | F13: 0.32 | G13: =B13*F13 -> 5442.688 | H13: 0.34 | I13: =B13-(E13+G13) -> 5782.856
... A24: Glynn | B24: =CountyTops!E28 -> 9843.1 | D24: 0.47 | E24: =B24*D24 -> 4626.257 | F24: 0.27 | G24: =B24*F24 -> 2657.637 | H24: 0.26 | I24: =B24-(E24+G24) -> 2559.206
A25: Small | B25: =sum(CountyTops!E29:E52,CountyTops!E54,CountyTops!E58,CountyTops!E59) -> 179600.3 | D25: 0.39 | E25: =B25*D25 -> 70044.117 | F25: 0.34 | G25: =B25*F25 -> 61064.102 | H25: 0.27 | I25: =B25-(E25+G25) -> 48492.081
A26: Very Small | B26: =sum(CountyTops!E53,CountyTops!E55:E57,CountyTops!E60:E135) -> 209092.6 | D26: 0.34 | E26: =B26*D26 -> 71091.484 | F26: 0.38 | G26: =B26*F26 -> 79455.188 | H26: 0.28 | I26: =B26-(E26+G26) -> 58545.928
A27: Micro | B27: =sum(CountyTops!E136:E164) -> 16188.7 | D27: 0.37 | E27: =B27*D27 -> 5989.819 | F27: 0.38 | G27: =B27*F27 -> 6151.706 | H27: 0.25 | I27: =B27-(E27+G27) -> 4047.175

Sheet External Tracker Data
A1: Area | B1: =IFERROR(__xludf.DUMMYFUNCTION("QUERY(IMPORTRANGE(""https://docs.google.com/spreadsheets/d/1o4vVTAcm9zeWOMn_hTEttk3OfwEP1tRR6DEg7aESAZg/edit?gid=904754529#gid=904754529"", ""ReportingTop!A:Z""), ""Select *"")"),"29 ") -> 29 | C1: =IFERROR(__xludf.DUMMYFUNCTION("""COMPUTED_VALUE""")," DMA ") -> DMA | D1: =IFERROR(__xludf.DUMMYFUNCTION("""COMPUTED_VALUE""")," Name ") -> Name | E1: =IFERROR(__xludf.DUMMYFUNCTION("""COMPUTED_VALUE""")," Active Registered Voters ") -> Active Registered Voters | F1: =IFERROR(__xludf.DUMMYFUNCTION("""COMPUTED_VALUE""")," Projected Turnout ") -> Projected Turnout | G1: =IFERROR(__xludf.DUMMYFUNCTION("""COMPUTED_VALUE""")," Total Precincts ") -> Total Precincts | H1: =IFERROR(__xludf.DUMMYFUNCTION("""COMPUTED_VALUE""")," Precincts Reported ") -> Precincts Reported | I1: =IFERROR(__xludf.DUMMYFUNCTION("""COMPUTED_VALUE""")," Precincts Reported % #DIV/0!") -> Precincts Reported % #DIV/0! | J1: =IFERROR(__xludf.DUMMYFUNCTION("""COMPUTED_VALUE""")," AB Dropped? ") -> AB Dropped? | K1: =IFERROR(__xludf.DUMMYFUNCTION("""COMPUTED_VALUE""")," EV Dropped? ") -> EV Dropped? | L1: =IFERROR(__xludf.DUMMYFUNCTION("""COMPUTED_VALUE""")," Ballots Cast ") -> Ballots Cast | M1: =IFERROR(__xludf.DUMMYFUNCTION("""COMPUTED_VALUE""")," Provisional Ballots ") -> Provisional Ballots | N1: =IFERROR(__xludf.DUMMYFUNCTION("""COMPUTED_VALUE""")," Projected Remaining Ballots 0") -> Projected Remaining Ballots 0 | O1: =IFERROR(__xludf.DUMMYFUNCTION("""COMPUTED_VALUE""")," JACKSON 1") -> JACKSON 1 | P1: =IFERROR(__xludf.DUMMYFUNCTION("""COMPUTED_VALUE""")," JACKSON % #REF!") -> JACKSON % #REF! | Q1: =IFERROR(__xludf.DUMMYFUNCTION("""COMPUTED_VALUE""")," JONES 2") -> JONES 2 | R1: =IFERROR(__xludf.DUMMYFUNCTION("""COMPUTED_VALUE""")," JONES % #REF!") -> JONES % #REF! | S1: =IFERROR(__xludf.DUMMYFUNCTION("""COMPUTED_VALUE""")," RAFFENSPERGER 3") -> RAFFENSPERGER 3 | T1: =IFERROR(__xludf.DUMMYFUNCTION("""COMPUTED_VALUE""")," RAFFENSPERGER % #REF!") -> RAFFENSPERGER % #REF! | U1: =IFERROR(__xludf.DUMMYFUNCTION("""COMPUTED_VALUE""")," CARR ") -> CARR | V1: =IFERROR(__xludf.DUMMYFUNCTION("""COMPUTED_VALUE""")," CARR % #REF!") -> CARR % #REF! | W1: =IFERROR(__xludf.DUMMYFUNCTION("""COMPUTED_VALUE""")," OTHER #REF!") -> OTHER #REF! | X1: =IFERROR(__xludf.DUMMYFUNCTION("""COMPUTED_VALUE""")," OTHER % #REF!") -> OTHER % #REF! | Y1: =IFERROR(__xludf.DUMMYFUNCTION("""COMPUTED_VALUE""")," TOTAL VOTES #REF!") -> TOTAL VOTES #REF! | Z1: =IFERROR(__xludf.DUMMYFUNCTION("""COMPUTED_VALUE""")," ") | AA1: =IFERROR(__xludf.DUMMYFUNCTION("""COMPUTED_VALUE""")," ")
A2: {=XLOOKUP(D2, CountyTops!D:D, CountyTops!B:B, "")} -> Very Small | C2: =IFERROR(__xludf.DUMMYFUNCTION("""COMPUTED_VALUE"""),"Savannah") -> Savannah | D2: =IFERROR(__xludf.DUMMYFUNCTION("""COMPUTED_VALUE"""),"Appling") -> Appling | I2: =IFERROR(__xludf.DUMMYFUNCTION("""COMPUTED_VALUE"""),"#DIV/0!") -> #DIV/0! | N2: =IFERROR(__xludf.DUMMYFUNCTION("""COMPUTED_VALUE"""),0.0) -> 0 | O2: =IFERROR(__xludf.DUMMYFUNCTION("""COMPUTED_VALUE"""),1.0) -> 1 | P2: =IFERROR(__xludf.DUMMYFUNCTION("""COMPUTED_VALUE"""),0.3333333333333333) -> 0.33333333 | Q2: =IFERROR(__xludf.DUMMYFUNCTION("""COMPUTED_VALUE"""),2.0) -> 2 | R2: =IFERROR(__xludf.DUMMYFUNCTION("""COMPUTED_VALUE"""),0.6666666666666666) -> 0.66666667 | S2: =IFERROR(__xludf.DUMMYFUNCTION("""COMPUTED_VALUE"""),3.0) -> 3 | T2: =IFERROR(__xludf.DUMMYFUNCTION("""COMPUTED_VALUE"""),"#DIV/0!") -> #DIV/0! | U2: =IFERROR(__xludf.DUMMYFUNCTION("""COMPUTED_VALUE"""),0.7148) -> 0.7148 | V2: =IFERROR(__xludf.DUMMYFUNCTION("""COMPUTED_VALUE"""),4.0) -> 4 | W2: =IFERROR(__xludf.DUMMYFUNCTION("""COMPUTED_VALUE"""),"#REF!") -> #REF! | X2: =IFERROR(__xludf.DUMMYFUNCTION("""COMPUTED_VALUE"""),5.0) -> 5 | Y2: =IFERROR(__xludf.DUMMYFUNCTION("""COMPUTED_VALUE"""),36.0) -> 36
A3: {=XLOOKUP(D3, CountyTops!D:D, CountyTops!B:B, "")} -> Micro | C3: =IFERROR(__xludf.DUMMYFUNCTION("""COMPUTED_VALUE"""),"Albany") -> Albany | D3: =IFERROR(__xludf.DUMMYFUNCTION("""COMPUTED_VALUE"""),"Atkinson") -> Atkinson | I3: =IFERROR(__xludf.DUMMYFUNCTION("""COMPUTED_VALUE"""),"#DIV/0!") -> #DIV/0! | N3: =IFERROR(__xludf.DUMMYFUNCTION("""COMPUTED_VALUE"""),0.0) -> 0
A4: {=XLOOKUP(D4, CountyTops!D:D, CountyTops!B:B, "")} -> Very Small | C4: =IFERROR(__xludf.DUMMYFUNCTION("""COMPUTED_VALUE"""),"Savannah") -> Savannah | D4: =IFERROR(__xludf.DUMMYFUNCTION("""COMPUTED_VALUE"""),"Bacon") -> Bacon | I4: =IFERROR(__xludf.DUMMYFUNCTION("""COMPUTED_VALUE"""),"#DIV/0!") -> #DIV/0! | N4: =IFERROR(__xludf.DUMMYFUNCTION("""COMPUTED_VALUE"""),0.0) -> 0
A5: {=XLOOKUP(D5, CountyTops!D:D, CountyTops!B:B, "")} -> Micro | C5: =IFERROR(__xludf.DUMMYFUNCTION("""COMPUTED_VALUE"""),"Albany") -> Albany | D5: =IFERROR(__xludf.DUMMYFUNCTION("""COMPUTED_VALUE"""),"Baker") -> Baker | I5: =IFERROR(__xludf.DUMMYFUNCTION("""COMPUTED_VALUE"""),"#DIV/0!") -> #DIV/0! | N5: =IFERROR(__xludf.DUMMYFUNCTION("""COMPUTED_VALUE"""),0.0) -> 0
A6: {=XLOOKUP(D6, CountyTops!D:D, CountyTops!B:B, "")} -> Very Small | C6: =IFERROR(__xludf.DUMMYFUNCTION("""COMPUTED_VALUE"""),"Macon") -> Macon | D6: =IFERROR(__xludf.DUMMYFUNCTION("""COMPUTED_VALUE"""),"Baldwin") -> Baldwin | I6: =IFERROR(__xludf.DUMMYFUNCTION("""COMPUTED_VALUE"""),"#DIV/0!") -> #DIV/0! | N6: =IFERROR(__xludf.DUMMYFUNCTION("""COMPUTED_VALUE"""),0.0) -> 0
A7: {=XLOOKUP(D7, CountyTops!D:D, CountyTops!B:B, "")} -> Very Small | C7: =IFERROR(__xludf.DUMMYFUNCTION("""COMPUTED_VALUE"""),"Atlanta") -> Atlanta | D7: =IFERROR(__xludf.DUMMYFUNCTION("""COMPUTED_VALUE"""),"Banks") -> Banks | I7: =IFERROR(__xludf.DUMMYFUNCTION("""COMPUTED_VALUE"""),"#DIV/0!") -> #DIV/0! | N7: =IFERROR(__xludf.DUMMYFUNCTION("""COMPUTED_VALUE"""),0.0) -> 0
A8: {=XLOOKUP(D8, CountyTops!D:D, CountyTops!B:B, "")} -> Small | C8: =IFERROR(__xludf.DUMMYFUNCTION("""COMPUTED_VALUE"""),"Atlanta") -> Atlanta | D8: =IFERROR(__xludf.DUMMYFUNCTION("""COMPUTED_VALUE"""),"Barrow") -> Barrow | I8: =IFERROR(__xludf.DUMMYFUNCTION("""COMPUTED_VALUE"""),"#DIV/0!") -> #DIV/0! | N8: =IFERROR(__xludf.DUMMYFUNCTION("""COMPUTED_VALUE"""),0.0) -> 0
A9: {=XLOOKUP(D9, CountyTops!D:D, CountyTops!B:B, "")} -> Mid-Small | C9: =IFERROR(__xludf.DUMMYFUNCTION("""COMPUTED_VALUE"""),"Atlanta") -> Atlanta | D9: =IFERROR(__xludf.DUMMYFUNCTION("""COMPUTED_VALUE"""),"Bartow") -> Bartow | I9: =IFERROR(__xludf.DUMMYFUNCTION("""COMPUTED_VALUE"""),"#DIV/0!") -> #DIV/0! | N9: =IFERROR(__xludf.DUMMYFUNCTION("""COMPUTED_VALUE"""),0.0) -> 0
A10: {=XLOOKUP(D10, CountyTops!D:D, CountyTops!B:B, "")} -> Very Small | C10: =IFERROR(__xludf.DUMMYFUNCTION("""COMPUTED_VALUE"""),"Albany") -> Albany | D10: =IFERROR(__xludf.DUMMYFUNCTION("""COMPUTED_VALUE"""),"Ben Hill") -> Ben Hill | I10: =IFERROR(__xludf.DUMMYFUNCTION("""COMPUTED_VALUE"""),"#DIV/0!") -> #DIV/0! | N10: =IFERROR(__xludf.DUMMYFUNCTION("""COMPUTED_VALUE"""),0.0) -> 0
A11: {=XLOOKUP(D11, CountyTops!D:D, CountyTops!B:B, "")} -> Very Small | C11: =IFERROR(__xludf.DUMMYFUNCTION("""COMPUTED_VALUE"""),"Albany") -> Albany | D11: =IFERROR(__xludf.DUMMYFUNCTION("""COMPUTED_VALUE"""),"Berrien") -> Berrien | I11: =IFERROR(__xludf.DUMMYFUNCTION("""COMPUTED_VALUE"""),"#DIV/0!") -> #DIV/0! | N11: =IFERROR(__xludf.DUMMYFUNCTION("""COMPUTED_VALUE"""),0.0) -> 0
A12: {=XLOOKUP(D12, CountyTops!D:D, CountyTops!B:B, "")} -> Mid-Small | C12: =IFERROR(__xludf.DUMMYFUNCTION("""COMPUTED_VALUE"""),"Macon") -> Macon | D12: =IFERROR(__xludf.DUMMYFUNCTION("""COMPUTED_VALUE"""),"Bibb") -> Bibb | I12: =IFERROR(__xludf.DUMMYFUNCTION("""COMPUTED_VALUE"""),"#DIV/0!") -> #DIV/0! | N12: =IFERROR(__xludf.DUMMYFUNCTION("""COMPUTED_VALUE"""),0.0) -> 0
A13: {=XLOOKUP(D13, CountyTops!D:D, CountyTops!B:B, "")} -> Very Small | C13: =IFERROR(__xludf.DUMMYFUNCTION("""COMPUTED_VALUE"""),"Macon") -> Macon | D13: =IFERROR(__xludf.DUMMYFUNCTION("""COMPUTED_VALUE"""),"Bleckley") -> Bleckley | I13: =IFERROR(__xludf.DUMMYFUNCTION("""COMPUTED_VALUE"""),"#DIV/0!") -> #DIV/0! | N13: =IFERROR(__xludf.DUMMYFUNCTION("""COMPUTED_VALUE"""),0.0) -> 0
A14: {=XLOOKUP(D14, CountyTops!D:D, CountyTops!B:B, "")} -> Very Small | C14: =IFERROR(__xludf.DUMMYFUNCTION("""COMPUTED_VALUE"""),"Jacksonville, FL") -> Jacksonville, FL | D14: =IFERROR(__xludf.DUMMYFUNCTION("""COMPUTED_VALUE"""),"Brantley") -> Brantley | I14: =IFERROR(__xludf.DUMMYFUNCTION("""COMPUTED_VALUE"""),"#DIV/0!") -> #DIV/0! | N14: =IFERROR(__xludf.DUMMYFUNCTION("""COMPUTED_VALUE"""),0.0) -> 0
A15: {=XLOOKUP(D15, CountyTops!D:D, CountyTops!B:B, "")} -> Very Small | C15: =IFERROR(__xludf.DUMMYFUNCTION("""COMPUTED_VALUE"""),"Tallahassee, FL") -> Tallahassee, FL | D15: =IFERROR(__xludf.DUMMYFUNCTION("""COMPUTED_VALUE"""),"Brooks") -> Brooks | I15: =IFERROR(__xludf.DUMMYFUNCTION("""COMPUTED_VALUE"""),"#DIV/0!") -> #DIV/0! | N15: =IFERROR(__xludf.DUMMYFUNCTION("""COMPUTED_VALUE"""),0.0) -> 0
A16: {=XLOOKUP(D16, CountyTops!D:D, CountyTops!B:B, "")} -> Very Small | C16: =IFERROR(__xludf.DUMMYFUNCTION("""COMPUTED_VALUE"""),"Savannah") -> Savannah | D16: =IFERROR(__xludf.DUMMYFUNCTION("""COMPUTED_VALUE"""),"Bryan") -> Bryan | I16: =IFERROR(__xludf.DUMMYFUNCTION("""COMPUTED_VALUE"""),"#DIV/0!") -> #DIV/0! | N16: =IFERROR(__xludf.DUMMYFUNCTION("""COMPUTED_VALUE"""),0.0) -> 0
A17: {=XLOOKUP(D17, CountyTops!D:D, CountyTops!B:B, "")} -> Small | C17: =IFERROR(__xludf.DUMMYFUNCTION("""COMPUTED_VALUE"""),"Savannah") -> Savannah | D17: =IFERROR(__xludf.DUMMYFUNCTION("""COMPUTED_VALUE"""),"Bulloch") -> Bulloch | I17: =IFERROR(__xludf.DUMMYFUNCTION("""COMPUTED_VALUE"""),"#DIV/0!") -> #DIV/0! | N17: =IFERROR(__xludf.DUMMYFUNCTION("""COMPUTED_VALUE"""),0.0) -> 0
A18: {=XLOOKUP(D18, CountyTops!D:D, CountyTops!B:B, "")} -> Very Small | C18: =IFERROR(__xludf.DUMMYFUNCTION("""COMPUTED_VALUE"""),"Augusta") -> Augusta | D18: =IFERROR(__xludf.DUMMYFUNCTION("""COMPUTED_VALUE"""),"Burke") -> Burke | I18: =IFERROR(__xludf.DUMMYFUNCTION("""COMPUTED_VALUE"""),"#DIV/0!") -> #DIV/0! | N18: =IFERROR(__xludf.DUMMYFUNCTION("""COMPUTED_VALUE"""),0.0) -> 0
A19: {=XLOOKUP(D19, CountyTops!D:D, CountyTops!B:B, "")} -> Very Small | C19: =IFERROR(__xludf.DUMMYFUNCTION("""COMPUTED_VALUE"""),"Atlanta") -> Atlanta | D19: =IFERROR(__xludf.DUMMYFUNCTION("""COMPUTED_VALUE"""),"Butts") -> Butts | I19: =IFERROR(__xludf.DUMMYFUNCTION("""COMPUTED_VALUE"""),"#DIV/0!") -> #DIV/0! | N19: =IFERROR(__xludf.DUMMYFUNCTION("""COMPUTED_VALUE"""),0.0) -> 0
A20: {=XLOOKUP(D20, CountyTops!D:D, CountyTops!B:B, "")} -> Micro | C20: =IFERROR(__xludf.DUMMYFUNCTION("""COMPUTED_VALUE"""),"Albany") -> Albany | D20: =IFERROR(__xludf.DUMMYFUNCTION("""COMPUTED_VALUE"""),"Calhoun") -> Calhoun | I20: =IFERROR(__xludf.DUMMYFUNCTION("""COMPUTED_VALUE"""),"#DIV/0!") -> #DIV/0! | N20: =IFERROR(__xludf.DUMMYFUNCTION("""COMPUTED_VALUE"""),0.0) -> 0
A21: {=XLOOKUP(D21, CountyTops!D:D, CountyTops!B:B, "")} -> Small | C21: =IFERROR(__xludf.DUMMYFUNCTION("""COMPUTED_VALUE"""),"Jacksonville, FL") -> Jacksonville, FL | D21: =IFERROR(__xludf.DUMMYFUNCTION("""COMPUTED_VALUE"""),"Camden") -> Camden | I21: =IFERROR(__xludf.DUMMYFUNCTION("""COMPUTED_VALUE"""),"#DIV/0!") -> #DIV/0! | N21: =IFERROR(__xludf.DUMMYFUNCTION("""COMPUTED_VALUE"""),0.0) -> 0
A22: {=XLOOKUP(D22, CountyTops!D:D, CountyTops!B:B, "")} -> Very Small | C22: =IFERROR(__xludf.DUMMYFUNCTION("""COMPUTED_VALUE"""),"Savannah") -> Savannah | D22: =IFERROR(__xludf.DUMMYFUNCTION("""COMPUTED_VALUE"""),"Candler") -> Candler | I22: =IFERROR(__xludf.DUMMYFUNCTION("""COMPUTED_VALUE"""),"#DIV/0!") -> #DIV/0! | N22: =IFERROR(__xludf.DUMMYFUNCTION("""COMPUTED_VALUE"""),0.0) -> 0
A23: {=XLOOKUP(D23, CountyTops!D:D, CountyTops!B:B, "")} -> Mid-Small | C23: =IFERROR(__xludf.DUMMYFUNCTION("""COMPUTED_VALUE"""),"Atlanta") -> Atlanta | D23: =IFERROR(__xludf.DUMMYFUNCTION("""COMPUTED_VALUE"""),"Carroll") -> Carroll | I23: =IFERROR(__xludf.DUMMYFUNCTION("""COMPUTED_VALUE"""),"#DIV/0!") -> #DIV/0! | N23: =IFERROR(__xludf.DUMMYFUNCTION("""COMPUTED_VALUE"""),0.0) -> 0
A24: {=XLOOKUP(D24, CountyTops!D:D, CountyTops!B:B, "")} -> Small | C24: =IFERROR(__xludf.DUMMYFUNCTION("""COMPUTED_VALUE"""),"Chattanooga") -> Chattanooga | D24: =IFERROR(__xludf.DUMMYFUNCTION("""COMPUTED_VALUE"""),"Catoosa") -> Catoosa | I24: =IFERROR(__xludf.DUMMYFUNCTION("""COMPUTED_VALUE"""),"#DIV/0!") -> #DIV/0! | N24: =IFERROR(__xludf.DUMMYFUNCTION("""COMPUTED_VALUE"""),0.0) -> 0
A25: {=XLOOKUP(D25, CountyTops!D:D, CountyTops!B:B, "")} -> Very Small | C25: =IFERROR(__xludf.DUMMYFUNCTION("""COMPUTED_VALUE"""),"Jacksonville, FL") -> Jacksonville, FL | D25: =IFERROR(__xludf.DUMMYFUNCTION("""COMPUTED_VALUE"""),"Charlton") -> Charlton | I25: =IFERROR(__xludf.DUMMYFUNCTION("""COMPUTED_VALUE"""),"#DIV/0!") -> #DIV/0! | N25: =IFERROR(__xludf.DUMMYFUNCTION("""COMPUTED_VALUE"""),0.0) -> 0
A26: {=XLOOKUP(D26, CountyTops!D:D, CountyTops!B:B, "")} -> Mid-Large | C26: =IFERROR(__xludf.DUMMYFUNCTION("""COMPUTED_VALUE"""),"Savannah") -> Savannah | D26: =IFERROR(__xludf.DUMMYFUNCTION("""COMPUTED_VALUE"""),"Chatham") -> Chatham | I26: =IFERROR(__xludf.DUMMYFUNCTION("""COMPUTED_VALUE"""),"#DIV/0!") -> #DIV/0! | N26: =IFERROR(__xludf.DUMMYFUNCTION("""COMPUTED_VALUE"""),0.0) -> 0
A27: {=XLOOKUP(D27, CountyTops!D:D, CountyTops!B:B, "")} -> Micro | C27: =IFERROR(__xludf.DUMMYFUNCTION("""COMPUTED_VALUE"""),"Columbus") -> Columbus | D27: =IFERROR(__xludf.DUMMYFUNCTION("""COMPUTED_VALUE"""),"Chattahoochee") -> Chattahoochee | I27: =IFERROR(__xludf.DUMMYFUNCTION("""COMPUTED_VALUE"""),"#DIV/0!") -> #DIV/0! | N27: =IFERROR(__xludf.DUMMYFUNCTION("""COMPUTED_VALUE"""),0.0) -> 0
A28: {=XLOOKUP(D28, CountyTops!D:D, CountyTops!B:B, "")} -> Very Small | C28: =IFERROR(__xludf.DUMMYFUNCTION("""COMPUTED_VALUE"""),"Atlanta") -> Atlanta | D28: =IFERROR(__xludf.DUMMYFUNCTION("""COMPUTED_VALUE"""),"Chattooga") -> Chattooga | I28: =IFERROR(__xludf.DUMMYFUNCTION("""COMPUTED_VALUE"""),"#DIV/0!") -> #DIV/0! | N28: =IFERROR(__xludf.DUMMYFUNCTION("""COMPUTED_VALUE"""),0.0) -> 0
A29: {=XLOOKUP(D29, CountyTops!D:D, CountyTops!B:B, "")} -> Large | C29: =IFERROR(__xludf.DUMMYFUNCTION("""COMPUTED_VALUE"""),"Atlanta") -> Atlanta | D29: =IFERROR(__xludf.DUMMYFUNCTION("""COMPUTED_VALUE"""),"Cherokee") -> Cherokee | I29: =IFERROR(__xludf.DUMMYFUNCTION("""COMPUTED_VALUE"""),"#DIV/0!") -> #DIV/0! | N29: =IFERROR(__xludf.DUMMYFUNCTION("""COMPUTED_VALUE"""),0.0) -> 0
A30: {=XLOOKUP(D30, CountyTops!D:D, CountyTops!B:B, "")} -> Small | C30: =IFERROR(__xludf.DUMMYFUNCTION("""COMPUTED_VALUE"""),"Atlanta") -> Atlanta | D30: =IFERROR(__xludf.DUMMYFUNCTION("""COMPUTED_VALUE"""),"Clarke") -> Clarke | I30: =IFERROR(__xludf.DUMMYFUNCTION("""COMPUTED_VALUE"""),"#DIV/0!") -> #DIV/0! | N30: =IFERROR(__xludf.DUMMYFUNCTION("""COMPUTED_VALUE"""),0.0) -> 0
A31: {=XLOOKUP(D31, CountyTops!D:D, CountyTops!B:B, "")} -> Micro | C31: =IFERROR(__xludf.DUMMYFUNCTION("""COMPUTED_VALUE"""),"Columbus") -> Columbus | D31: =IFERROR(__xludf.DUMMYFUNCTION("""COMPUTED_VALUE"""),"Clay") -> Clay | I31: =IFERROR(__xludf.DUMMYFUNCTION("""COMPUTED_VALUE"""),"#DIV/0!") -> #DIV/0! | N31: =IFERROR(__xludf.DUMMYFUNCTION("""COMPUTED_VALUE"""),0.0) -> 0
A32: {=XLOOKUP(D32, CountyTops!D:D, CountyTops!B:B, "")} -> Very Small | C32: =IFERROR(__xludf.DUMMYFUNCTION("""COMPUTED_VALUE"""),"Atlanta") -> Atlanta | D32: =IFERROR(__xludf.DUMMYFUNCTION("""COMPUTED_VALUE"""),"Clayton") -> Clayton | I32: =IFERROR(__xludf.DUMMYFUNCTION("""COMPUTED_VALUE"""),"#DIV/0!") -> #DIV/0! | N32: =IFERROR(__xludf.DUMMYFUNCTION("""COMPUTED_VALUE"""),0.0) -> 0
A33: {=XLOOKUP(D33, CountyTops!D:D, CountyTops!B:B, "")} -> Micro | C33: =IFERROR(__xludf.DUMMYFUNCTION("""COMPUTED_VALUE"""),"Tallahassee, FL") -> Tallahassee, FL | D33: =IFERROR(__xludf.DUMMYFUNCTION("""COMPUTED_VALUE"""),"Clinch") -> Clinch | I33: =IFERROR(__xludf.DUMMYFUNCTION("""COMPUTED_VALUE"""),"#DIV/0!") -> #DIV/0! | N33: =IFERROR(__xludf.DUMMYFUNCTION("""COMPUTED_VALUE"""),0.0) -> 0
A34: {=XLOOKUP(D34, CountyTops!D:D, CountyTops!B:B, "")} -> Mega | C34: =IFERROR(__xludf.DUMMYFUNCTION("""COMPUTED_VALUE"""),"Atlanta") -> Atlanta | D34: =IFERROR(__xludf.DUMMYFUNCTION("""COMPUTED_VALUE"""),"Cobb") -> Cobb | I34: =IFERROR(__xludf.DUMMYFUNCTION("""COMPUTED_VALUE"""),"#DIV/0!") -> #DIV/0! | N34: =IFERROR(__xludf.DUMMYFUNCTION("""COMPUTED_VALUE"""),0.0) -> 0
A35: {=XLOOKUP(D35, CountyTops!D:D, CountyTops!B:B, "")} -> Very Small | C35: =IFERROR(__xludf.DUMMYFUNCTION("""COMPUTED_VALUE"""),"Albany") -> Albany | D35: =IFERROR(__xludf.DUMMYFUNCTION("""COMPUTED_VALUE"""),"Coffee") -> Coffee | I35: =IFERROR(__xludf.DUMMYFUNCTION("""COMPUTED_VALUE"""),"#DIV/0!") -> #DIV/0! | N35: =IFERROR(__xludf.DUMMYFUNCTION("""COMPUTED_VALUE"""),0.0) -> 0
A36: {=XLOOKUP(D36, CountyTops!D:D, CountyTops!B:B, "")} -> Very Small | C36: =IFERROR(__xludf.DUMMYFUNCTION("""COMPUTED_VALUE"""),"Albany") -> Albany | D36: =IFERROR(__xludf.DUMMYFUNCTION("""COMPUTED_VALUE"""),"Colquitt") -> Colquitt | I36: =IFERROR(__xludf.DUMMYFUNCTION("""COMPUTED_VALUE"""),"#DIV/0!") -> #DIV/0! | N36: =IFERROR(__xludf.DUMMYFUNCTION("""COMPUTED_VALUE"""),0.0) -> 0
A37: {=XLOOKUP(D37, CountyTops!D:D, CountyTops!B:B, "")} -> Large | C37: =IFERROR(__xludf.DUMMYFUNCTION("""COMPUTED_VALUE"""),"Augusta") -> Augusta | D37: =IFERROR(__xludf.DUMMYFUNCTION("""COMPUTED_VALUE"""),"Columbia") -> Columbia | I37: =IFERROR(__xludf.DUMMYFUNCTION("""COMPUTED_VALUE"""),"#DIV/0!") -> #DIV/0! | N37: =IFERROR(__xludf.DUMMYFUNCTION("""COMPUTED_VALUE"""),0.0) -> 0
A38: {=XLOOKUP(D38, CountyTops!D:D, CountyTops!B:B, "")} -> Very Small | C38: =IFERROR(__xludf.DUMMYFUNCTION("""COMPUTED_VALUE"""),"Albany") -> Albany | D38: =IFERROR(__xludf.DUMMYFUNCTION("""COMPUTED_VALUE"""),"Cook") -> Cook | I38: =IFERROR(__xludf.DUMMYFUNCTION("""COMPUTED_VALUE"""),"#DIV/0!") -> #DIV/0! | N38: =IFERROR(__xludf.DUMMYFUNCTION("""COMPUTED_VALUE"""),0.0) -> 0
A39: {=XLOOKUP(D39, CountyTops!D:D, CountyTops!B:B, "")} -> Mid-Large | C39: =IFERROR(__xludf.DUMMYFUNCTION("""COMPUTED_VALUE"""),"Atlanta") -> Atlanta | D39: =IFERROR(__xludf.DUMMYFUNCTION("""COMPUTED_VALUE"""),"Coweta") -> Coweta | I39: =IFERROR(__xludf.DUMMYFUNCTION("""COMPUTED_VALUE"""),"#DIV/0!") -> #DIV/0! | N39: =IFERROR(__xludf.DUMMYFUNCTION("""COMPUTED_VALUE"""),0.0) -> 0
A40: {=XLOOKUP(D40, CountyTops!D:D, CountyTops!B:B, "")} -> Very Small | C40: =IFERROR(__xludf.DUMMYFUNCTION("""COMPUTED_VALUE"""),"Macon") -> Macon | D40: =IFERROR(__xludf.DUMMYFUNCTION("""COMPUTED_VALUE"""),"Crawford") -> Crawford | I40: =IFERROR(__xludf.DUMMYFUNCTION("""COMPUTED_VALUE"""),"#DIV/0!") -> #DIV/0! | N40: =IFERROR(__xludf.DUMMYFUNCTION("""COMPUTED_VALUE"""),0.0) -> 0
A41: {=XLOOKUP(D41, CountyTops!D:D, CountyTops!B:B, "")} -> Very Small | C41: =IFERROR(__xludf.DUMMYFUNCTION("""COMPUTED_VALUE"""),"Albany") -> Albany | D41: =IFERROR(__xludf.DUMMYFUNCTION("""COMPUTED_VALUE"""),"Crisp") -> Crisp | I41: =IFERROR(__xludf.DUMMYFUNCTION("""COMPUTED_VALUE"""),"#DIV/0!") -> #DIV/0! | N41: =IFERROR(__xludf.DUMMYFUNCTION("""COMPUTED_VALUE"""),0.0) -> 0
A42: {=XLOOKUP(D42, CountyTops!D:D, CountyTops!B:B, "")} -> Very Small | C42: =IFERROR(__xludf.DUMMYFUNCTION("""COMPUTED_VALUE"""),"Chattanooga") -> Chattanooga | D42: =IFERROR(__xludf.DUMMYFUNCTION("""COMPUTED_VALUE"""),"Dade") -> Dade | I42: =IFERROR(__xludf.DUMMYFUNCTION("""COMPUTED_VALUE"""),"#DIV/0!") -> #DIV/0! | N42: =IFERROR(__xludf.DUMMYFUNCTION("""COMPUTED_VALUE"""),0.0) -> 0
A43: {=XLOOKUP(D43, CountyTops!D:D, CountyTops!B:B, "")} -> Small | C43: =IFERROR(__xludf.DUMMYFUNCTION("""COMPUTED_VALUE"""),"Atlanta") -> Atlanta | D43: =IFERROR(__xludf.DUMMYFUNCTION("""COMPUTED_VALUE"""),"Dawson") -> Dawson | I43: =IFERROR(__xludf.DUMMYFUNCTION("""COMPUTED_VALUE"""),"#DIV/0!") -> #DIV/0! | N43: =IFERROR(__xludf.DUMMYFUNCTION("""COMPUTED_VALUE"""),0.0) -> 0
A44: {=XLOOKUP(D44, CountyTops!D:D, CountyTops!B:B, "")} -> Very Small | C44: =IFERROR(__xludf.DUMMYFUNCTION("""COMPUTED_VALUE"""),"Tallahassee, FL") -> Tallahassee, FL | D44: =IFERROR(__xludf.DUMMYFUNCTION("""COMPUTED_VALUE"""),"Decatur") -> Decatur | I44: =IFERROR(__xludf.DUMMYFUNCTION("""COMPUTED_VALUE"""),"#DIV/0!") -> #DIV/0! | N44: =IFERROR(__xludf.DUMMYFUNCTION("""COMPUTED_VALUE"""),0.0) -> 0
A45: {=XLOOKUP(D45, CountyTops!D:D, CountyTops!B:B, "")} -> Large | C45: =IFERROR(__xludf.DUMMYFUNCTION("""COMPUTED_VALUE"""),"Atlanta") -> Atlanta | D45: =IFERROR(__xludf.DUMMYFUNCTION("""COMPUTED_VALUE"""),"DeKalb") -> DeKalb | I45: =IFERROR(__xludf.DUMMYFUNCTION("""COMPUTED_VALUE"""),"#DIV/0!") -> #DIV/0! | N45: =IFERROR(__xludf.DUMMYFUNCTION("""COMPUTED_VALUE"""),0.0) -> 0
A46: {=XLOOKUP(D46, CountyTops!D:D, CountyTops!B:B, "")} -> Very Small | C46: =IFERROR(__xludf.DUMMYFUNCTION("""COMPUTED_VALUE"""),"Macon") -> Macon | D46: =IFERROR(__xludf.DUMMYFUNCTION("""COMPUTED_VALUE"""),"Dodge") -> Dodge | I46: =IFERROR(__xludf.DUMMYFUNCTION("""COMPUTED_VALUE"""),"#DIV/0!") -> #DIV/0! | N46: =IFERROR(__xludf.DUMMYFUNCTION("""COMPUTED_VALUE"""),0.0) -> 0
A47: {=XLOOKUP(D47, CountyTops!D:D, CountyTops!B:B, "")} -> Micro | C47: =IFERROR(__xludf.DUMMYFUNCTION("""COMPUTED_VALUE"""),"Macon") -> Macon | D47: =IFERROR(__xludf.DUMMYFUNCTION("""COMPUTED_VALUE"""),"Dooly") -> Dooly | I47: =IFERROR(__xludf.DUMMYFUNCTION("""COMPUTED_VALUE"""),"#DIV/0!") -> #DIV/0! | N47: =IFERROR(__xludf.DUMMYFUNCTION("""COMPUTED_VALUE"""),0.0) -> 0
A48: {=XLOOKUP(D48, CountyTops!D:D, CountyTops!B:B, "")} -> Very Small | C48: =IFERROR(__xludf.DUMMYFUNCTION("""COMPUTED_VALUE"""),"Albany") -> Albany | D48: =IFERROR(__xludf.DUMMYFUNCTION("""COMPUTED_VALUE"""),"Dougherty") -> Dougherty | I48: =IFERROR(__xludf.DUMMYFUNCTION("""COMPUTED_VALUE"""),"#DIV/0!") -> #DIV/0! | N48: =IFERROR(__xludf.DUMMYFUNCTION("""COMPUTED_VALUE"""),0.0) -> 0
A49: {=XLOOKUP(D49, CountyTops!D:D, CountyTops!B:B, "")} -> Small | C49: =IFERROR(__xludf.DUMMYFUNCTION("""COMPUTED_VALUE"""),"Atlanta") -> Atlanta | D49: =IFERROR(__xludf.DUMMYFUNCTION("""COMPUTED_VALUE"""),"Douglas") -> Douglas | I49: =IFERROR(__xludf.DUMMYFUNCTION("""COMPUTED_VALUE"""),"#DIV/0!") -> #DIV/0! | N49: =IFERROR(__xludf.DUMMYFUNCTION("""COMPUTED_VALUE"""),0.0) -> 0
A50: {=XLOOKUP(D50, CountyTops!D:D, CountyTops!B:B, "")} -> Very Small | C50: =IFERROR(__xludf.DUMMYFUNCTION("""COMPUTED_VALUE"""),"Dothan, AL") -> Dothan, AL | D50: =IFERROR(__xludf.DUMMYFUNCTION("""COMPUTED_VALUE"""),"Early") -> Early | I50: =IFERROR(__xludf.DUMMYFUNCTION("""COMPUTED_VALUE"""),"#DIV/0!") -> #DIV/0! | N50: =IFERROR(__xludf.DUMMYFUNCTION("""COMPUTED_VALUE"""),0.0) -> 0
A51: {=XLOOKUP(D51, CountyTops!D:D, CountyTops!B:B, "")} -> Micro | C51: =IFERROR(__xludf.DUMMYFUNCTION("""COMPUTED_VALUE"""),"Tallahassee, FL") -> Tallahassee, FL | D51: =IFERROR(__xludf.DUMMYFUNCTION("""COMPUTED_VALUE"""),"Echols") -> Echols | I51: =IFERROR(__xludf.DUMMYFUNCTION("""COMPUTED_VALUE"""),"#DIV/0!") -> #DIV/0! | N51: =IFERROR(__xludf.DUMMYFUNCTION("""COMPUTED_VALUE"""),0.0) -> 0
A52: {=XLOOKUP(D52, CountyTops!D:D, CountyTops!B:B, "")} -> Small | C52: =IFERROR(__xludf.DUMMYFUNCTION("""COMPUTED_VALUE"""),"Savannah") -> Savannah | D52: =IFERROR(__xludf.DUMMYFUNCTION("""COMPUTED_VALUE"""),"Effingham") -> Effingham | I52: =IFERROR(__xludf.DUMMYFUNCTION("""COMPUTED_VALUE"""),"#DIV/0!") -> #DIV/0! | N52: =IFERROR(__xludf.DUMMYFUNCTION("""COMPUTED_VALUE"""),0.0) -> 0
A53: {=XLOOKUP(D53, CountyTops!D:D, CountyTops!B:B, "")} -> Very Small | C53: =IFERROR(__xludf.DUMMYFUNCTION("""COMPUTED_VALUE"""),"Greenville, SC") -> Greenville, SC | D53: =IFERROR(__xludf.DUMMYFUNCTION("""COMPUTED_VALUE"""),"Elbert") -> Elbert | I53: =IFERROR(__xludf.DUMMYFUNCTION("""COMPUTED_VALUE"""),"#DIV/0!") -> #DIV/0! | N53: =IFERROR(__xludf.DUMMYFUNCTION("""COMPUTED_VALUE"""),0.0) -> 0
A54: {=XLOOKUP(D54, CountyTops!D:D, CountyTops!B:B, "")} -> Very Small | C54: =IFERROR(__xludf.DUMMYFUNCTION("""COMPUTED_VALUE"""),"Augusta") -> Augusta | D54: =IFERROR(__xludf.DUMMYFUNCTION("""COMPUTED_VALUE"""),"Emanuel") -> Emanuel | I54: =IFERROR(__xludf.DUMMYFUNCTION("""COMPUTED_VALUE"""),"#DIV/0!") -> #DIV/0! | N54: =IFERROR(__xludf.DUMMYFUNCTION("""COMPUTED_VALUE"""),0.0) -> 0
A55: {=XLOOKUP(D55, CountyTops!D:D, CountyTops!B:B, "")} -> Very Small | C55: =IFERROR(__xludf.DUMMYFUNCTION("""COMPUTED_VALUE"""),"Savannah") -> Savannah | D55: =IFERROR(__xludf.DUMMYFUNCTION("""COMPUTED_VALUE"""),"Evans") -> Evans | I55: =IFERROR(__xludf.DUMMYFUNCTION("""COMPUTED_VALUE"""),"#DIV/0!") -> #DIV/0! | N55: =IFERROR(__xludf.DUMMYFUNCTION("""COMPUTED_VALUE"""),0.0) -> 0
A56: {=XLOOKUP(D56, CountyTops!D:D, CountyTops!B:B, "")} -> Small | C56: =IFERROR(__xludf.DUMMYFUNCTION("""COMPUTED_VALUE"""),"Atlanta") -> Atlanta | D56: =IFERROR(__xludf.DUMMYFUNCTION("""COMPUTED_VALUE"""),"Fannin") -> Fannin | I56: =IFERROR(__xludf.DUMMYFUNCTION("""COMPUTED_VALUE"""),"#DIV/0!") -> #DIV/0! | N56: =IFERROR(__xludf.DUMMYFUNCTION("""COMPUTED_VALUE"""),0.0) -> 0
A57: {=XLOOKUP(D57, CountyTops!D:D, CountyTops!B:B, "")} -> Mid-Large | C57: =IFERROR(__xludf.DUMMYFUNCTION("""COMPUTED_VALUE"""),"Atlanta") -> Atlanta | D57: =IFERROR(__xludf.DUMMYFUNCTION("""COMPUTED_VALUE"""),"Fayette") -> Fayette | I57: =IFERROR(__xludf.DUMMYFUNCTION("""COMPUTED_VALUE"""),"#DIV/0!") -> #DIV/0! | N57: =IFERROR(__xludf.DUMMYFUNCTION("""COMPUTED_VALUE"""),0.0) -> 0
A58: {=XLOOKUP(D58, CountyTops!D:D, CountyTops!B:B, "")} -> Mid-Small | C58: =IFERROR(__xludf.DUMMYFUNCTION("""COMPUTED_VALUE"""),"Atlanta") -> Atlanta | D58: =IFERROR(__xludf.DUMMYFUNCTION("""COMPUTED_VALUE"""),"Floyd") -> Floyd | I58: =IFERROR(__xludf.DUMMYFUNCTION("""COMPUTED_VALUE"""),"#DIV/0!") -> #DIV/0! | N58: =IFERROR(__xludf.DUMMYFUNCTION("""COMPUTED_VALUE"""),0.0) -> 0
A59: {=XLOOKUP(D59, CountyTops!D:D, CountyTops!B:B, "")} -> Large | C59: =IFERROR(__xludf.DUMMYFUNCTION("""COMPUTED_VALUE"""),"Atlanta") -> Atlanta | D59: =IFERROR(__xludf.DUMMYFUNCTION("""COMPUTED_VALUE"""),"Forsyth") -> Forsyth | I59: =IFERROR(__xludf.DUMMYFUNCTION("""COMPUTED_VALUE"""),"#DIV/0!") -> #DIV/0! | N59: =IFERROR(__xludf.DUMMYFUNCTION("""COMPUTED_VALUE"""),0.0) -> 0
A60: {=XLOOKUP(D60, CountyTops!D:D, CountyTops!B:B, "")} -> Very Small | C60: =IFERROR(__xludf.DUMMYFUNCTION("""COMPUTED_VALUE"""),"Greenville, SC") -> Greenville, SC | D60: =IFERROR(__xludf.DUMMYFUNCTION("""COMPUTED_VALUE"""),"Franklin") -> Franklin | I60: =IFERROR(__xludf.DUMMYFUNCTION("""COMPUTED_VALUE"""),"#DIV/0!") -> #DIV/0! | N60: =IFERROR(__xludf.DUMMYFUNCTION("""COMPUTED_VALUE"""),0.0) -> 0
A61: {=XLOOKUP(D61, CountyTops!D:D, CountyTops!B:B, "")} -> Mega | C61: =IFERROR(__xludf.DUMMYFUNCTION("""COMPUTED_VALUE"""),"Atlanta") -> Atlanta | D61: =IFERROR(__xludf.DUMMYFUNCTION("""COMPUTED_VALUE"""),"Fulton") -> Fulton | I61: =IFERROR(__xludf.DUMMYFUNCTION("""COMPUTED_VALUE"""),"#DIV/0!") -> #DIV/0! | N61: =IFERROR(__xludf.DUMMYFUNCTION("""COMPUTED_VALUE"""),0.0) -> 0
A62: {=XLOOKUP(D62, CountyTops!D:D, CountyTops!B:B, "")} -> Small | C62: =IFERROR(__xludf.DUMMYFUNCTION("""COMPUTED_VALUE"""),"Atlanta") -> Atlanta | D62: =IFERROR(__xludf.DUMMYFUNCTION("""COMPUTED_VALUE"""),"Gilmer") -> Gilmer | I62: =IFERROR(__xludf.DUMMYFUNCTION("""COMPUTED_VALUE"""),"#DIV/0!") -> #DIV/0! | N62: =IFERROR(__xludf.DUMMYFUNCTION("""COMPUTED_VALUE"""),0.0) -> 0
A63: {=XLOOKUP(D63, CountyTops!D:D, CountyTops!B:B, "")} -> Micro | C63: =IFERROR(__xludf.DUMMYFUNCTION("""COMPUTED_VALUE"""),"Augusta") -> Augusta | D63: =IFERROR(__xludf.DUMMYFUNCTION("""COMPUTED_VALUE"""),"Glascock") -> Glascock | I63: =IFERROR(__xludf.DUMMYFUNCTION("""COMPUTED_VALUE"""),"#DIV/0!") -> #DIV/0! | N63: =IFERROR(__xludf.DUMMYFUNCTION("""COMPUTED_VALUE"""),0.0) -> 0
A64: {=XLOOKUP(D64, CountyTops!D:D, CountyTops!B:B, "")} -> Mid-Small | C64: =IFERROR(__xludf.DUMMYFUNCTION("""COMPUTED_VALUE"""),"Jacksonville, FL") -> Jacksonville, FL | D64: =IFERROR(__xludf.DUMMYFUNCTION("""COMPUTED_VALUE"""),"Glynn") -> Glynn | I64: =IFERROR(__xludf.DUMMYFUNCTION("""COMPUTED_VALUE"""),"#DIV/0!") -> #DIV/0! | N64: =IFERROR(__xludf.DUMMYFUNCTION("""COMPUTED_VALUE"""),0.0) -> 0
A65: {=XLOOKUP(D65, CountyTops!D:D, CountyTops!B:B, "")} -> Small | C65: =IFERROR(__xludf.DUMMYFUNCTION("""COMPUTED_VALUE"""),"Atlanta") -> Atlanta | D65: =IFERROR(__xludf.DUMMYFUNCTION("""COMPUTED_VALUE"""),"Gordon") -> Gordon | I65: =IFERROR(__xludf.DUMMYFUNCTION("""COMPUTED_VALUE"""),"#DIV/0!") -> #DIV/0! | N65: =IFERROR(__xludf.DUMMYFUNCTION("""COMPUTED_VALUE"""),0.0) -> 0
A66: {=XLOOKUP(D66, CountyTops!D:D, CountyTops!B:B, "")} -> Very Small | C66: =IFERROR(__xludf.DUMMYFUNCTION("""COMPUTED_VALUE"""),"Tallahassee, FL") -> Tallahassee, FL | D66: =IFERROR(__xludf.DUMMYFUNCTION("""COMPUTED_VALUE"""),"Grady") -> Grady | I66: =IFERROR(__xludf.DUMMYFUNCTION("""COMPUTED_VALUE"""),"#DIV/0!") -> #DIV/0! | N66: =IFERROR(__xludf.DUMMYFUNCTION("""COMPUTED_VALUE"""),0.0) -> 0
A67: {=XLOOKUP(D67, CountyTops!D:D, CountyTops!B:B, "")} -> Very Small | C67: =IFERROR(__xludf.DUMMYFUNCTION("""COMPUTED_VALUE"""),"Atlanta") -> Atlanta | D67: =IFERROR(__xludf.DUMMYFUNCTION("""COMPUTED_VALUE"""),"Greene") -> Greene | I67: =IFERROR(__xludf.DUMMYFUNCTION("""COMPUTED_VALUE"""),"#DIV/0!") -> #DIV/0! | N67: =IFERROR(__xludf.DUMMYFUNCTION("""COMPUTED_VALUE"""),0.0) -> 0
A68: {=XLOOKUP(D68, CountyTops!D:D, CountyTops!B:B, "")} -> Mega | C68: =IFERROR(__xludf.DUMMYFUNCTION("""COMPUTED_VALUE"""),"Atlanta") -> Atlanta | D68: =IFERROR(__xludf.DUMMYFUNCTION("""COMPUTED_VALUE"""),"Gwinnett") -> Gwinnett | I68: =IFERROR(__xludf.DUMMYFUNCTION("""COMPUTED_VALUE"""),"#DIV/0!") -> #DIV/0! | N68: =IFERROR(__xludf.DUMMYFUNCTION("""COMPUTED_VALUE"""),0.0) -> 0
A69: {=XLOOKUP(D69, CountyTops!D:D, CountyTops!B:B, "")} -> Small | C69: =IFERROR(__xludf.DUMMYFUNCTION("""COMPUTED_VALUE"""),"Atlanta") -> Atlanta | D69: =IFERROR(__xludf.DUMMYFUNCTION("""COMPUTED_VALUE"""),"Habersham") -> Habersham | I69: =IFERROR(__xludf.DUMMYFUNCTION("""COMPUTED_VALUE"""),"#DIV/0!") -> #DIV/0! | N69: =IFERROR(__xludf.DUMMYFUNCTION("""COMPUTED_VALUE"""),0.0) -> 0
A70: {=XLOOKUP(D70, CountyTops!D:D, CountyTops!B:B, "")} -> Large | C70: =IFERROR(__xludf.DUMMYFUNCTION("""COMPUTED_VALUE"""),"Atlanta") -> Atlanta | D70: =IFERROR(__xludf.DUMMYFUNCTION("""COMPUTED_VALUE"""),"Hall") -> Hall | I70: =IFERROR(__xludf.DUMMYFUNCTION("""COMPUTED_VALUE"""),"#DIV/0!") -> #DIV/0! | N70: =IFERROR(__xludf.DUMMYFUNCTION("""COMPUTED_VALUE"""),0.0) -> 0
A71: {=XLOOKUP(D71, CountyTops!D:D, CountyTops!B:B, "")} -> Micro | C71: =IFERROR(__xludf.DUMMYFUNCTION("""COMPUTED_VALUE"""),"Macon") -> Macon | D71: =IFERROR(__xludf.DUMMYFUNCTION("""COMPUTED_VALUE"""),"Hancock") -> Hancock | I71: =IFERROR(__xludf.DUMMYFUNCTION("""COMPUTED_VALUE"""),"#DIV/0!") -> #DIV/0! | N71: =IFERROR(__xludf.DUMMYFUNCTION("""COMPUTED_VALUE"""),0.0) -> 0
A72: {=XLOOKUP(D72, CountyTops!D:D, CountyTops!B:B, "")} -> Very Small | C72: =IFERROR(__xludf.DUMMYFUNCTION("""COMPUTED_VALUE"""),"Atlanta") -> Atlanta | D72: =IFERROR(__xludf.DUMMYFUNCTION("""COMPUTED_VALUE"""),"Haralson") -> Haralson | I72: =IFERROR(__xludf.DUMMYFUNCTION("""COMPUTED_VALUE"""),"#DIV/0!") -> #DIV/0! | N72: =IFERROR(__xludf.DUMMYFUNCTION("""COMPUTED_VALUE"""),0.0) -> 0
A73: {=XLOOKUP(D73, CountyTops!D:D, CountyTops!B:B, "")} -> Small | C73: =IFERROR(__xludf.DUMMYFUNCTION("""COMPUTED_VALUE"""),"Columbus") -> Columbus | D73: =IFERROR(__xludf.DUMMYFUNCTION("""COMPUTED_VALUE"""),"Harris") -> Harris | I73: =IFERROR(__xludf.DUMMYFUNCTION("""COMPUTED_VALUE"""),"#DIV/0!") -> #DIV/0! | N73: =IFERROR(__xludf.DUMMYFUNCTION("""COMPUTED_VALUE"""),0.0) -> 0
A74: {=XLOOKUP(D74, CountyTops!D:D, CountyTops!B:B, "")} -> Very Small | C74: =IFERROR(__xludf.DUMMYFUNCTION("""COMPUTED_VALUE"""),"Greenville, SC") -> Greenville, SC | D74: =IFERROR(__xludf.DUMMYFUNCTION("""COMPUTED_VALUE"""),"Hart") -> Hart | I74: =IFERROR(__xludf.DUMMYFUNCTION("""COMPUTED_VALUE"""),"#DIV/0!") -> #DIV/0! | N74: =IFERROR(__xludf.DUMMYFUNCTION("""COMPUTED_VALUE"""),0.0) -> 0
A75: {=XLOOKUP(D75, CountyTops!D:D, CountyTops!B:B, "")} -> Very Small | C75: =IFERROR(__xludf.DUMMYFUNCTION("""COMPUTED_VALUE"""),"Atlanta") -> Atlanta | D75: =IFERROR(__xludf.DUMMYFUNCTION("""COMPUTED_VALUE"""),"Heard") -> Heard | I75: =IFERROR(__xludf.DUMMYFUNCTION("""COMPUTED_VALUE"""),"#DIV/0!") -> #DIV/0! | N75: =IFERROR(__xludf.DUMMYFUNCTION("""COMPUTED_VALUE"""),0.0) -> 0
A76: {=XLOOKUP(D76, CountyTops!D:D, CountyTops!B:B, "")} -> Mid-Large | C76: =IFERROR(__xludf.DUMMYFUNCTION("""COMPUTED_VALUE"""),"Atlanta") -> Atlanta | D76: =IFERROR(__xludf.DUMMYFUNCTION("""COMPUTED_VALUE"""),"Henry") -> Henry | I76: =IFERROR(__xludf.DUMMYFUNCTION("""COMPUTED_VALUE"""),"#DIV/0!") -> #DIV/0! | N76: =IFERROR(__xludf.DUMMYFUNCTION("""COMPUTED_VALUE"""),0.0) -> 0
A77: {=XLOOKUP(D77, CountyTops!D:D, CountyTops!B:B, "")} -> Mid-Small | C77: =IFERROR(__xludf.DUMMYFUNCTION("""COMPUTED_VALUE"""),"Macon") -> Macon | D77: =IFERROR(__xludf.DUMMYFUNCTION("""COMPUTED_VALUE"""),"Houston") -> Houston | I77: =IFERROR(__xludf.DUMMYFUNCTION("""COMPUTED_VALUE"""),"#DIV/0!") -> #DIV/0! | N77: =IFERROR(__xludf.DUMMYFUNCTION("""COMPUTED_VALUE"""),0.0) -> 0
A78: {=XLOOKUP(D78, CountyTops!D:D, CountyTops!B:B, "")} -> Very Small | C78: =IFERROR(__xludf.DUMMYFUNCTION("""COMPUTED_VALUE"""),"Albany") -> Albany | D78: =IFERROR(__xludf.DUMMYFUNCTION("""COMPUTED_VALUE"""),"Irwin") -> Irwin | I78: =IFERROR(__xludf.DUMMYFUNCTION("""COMPUTED_VALUE"""),"#DIV/0!") -> #DIV/0! | N78: =IFERROR(__xludf.DUMMYFUNCTION("""COMPUTED_VALUE"""),0.0) -> 0
A79: {=XLOOKUP(D79, CountyTops!D:D, CountyTops!B:B, "")} -> Mid-Small | C79: =IFERROR(__xludf.DUMMYFUNCTION("""COMPUTED_VALUE"""),"Atlanta") -> Atlanta | D79: =IFERROR(__xludf.DUMMYFUNCTION("""COMPUTED_VALUE"""),"Jackson") -> Jackson | I79: =IFERROR(__xludf.DUMMYFUNCTION("""COMPUTED_VALUE"""),"#DIV/0!") -> #DIV/0! | N79: =IFERROR(__xludf.DUMMYFUNCTION("""COMPUTED_VALUE"""),0.0) -> 0
A80: {=XLOOKUP(D80, CountyTops!D:D, CountyTops!B:B, "")} -> Very Small | C80: =IFERROR(__xludf.DUMMYFUNCTION("""COMPUTED_VALUE"""),"Atlanta") -> Atlanta | D80: =IFERROR(__xludf.DUMMYFUNCTION("""COMPUTED_VALUE"""),"Jasper") -> Jasper | I80: =IFERROR(__xludf.DUMMYFUNCTION("""COMPUTED_VALUE"""),"#DIV/0!") -> #DIV/0! | N80: =IFERROR(__xludf.DUMMYFUNCTION("""COMPUTED_VALUE"""),0.0) -> 0
A81: {=XLOOKUP(D81, CountyTops!D:D, CountyTops!B:B, "")} -> Very Small | C81: =IFERROR(__xludf.DUMMYFUNCTION("""COMPUTED_VALUE"""),"Savannah") -> Savannah | D81: =IFERROR(__xludf.DUMMYFUNCTION("""COMPUTED_VALUE"""),"Jeff Davis") -> Jeff Davis | I81: =IFERROR(__xludf.DUMMYFUNCTION("""COMPUTED_VALUE"""),"#DIV/0!") -> #DIV/0! | N81: =IFERROR(__xludf.DUMMYFUNCTION("""COMPUTED_VALUE"""),0.0) -> 0
A82: {=XLOOKUP(D82, CountyTops!D:D, CountyTops!B:B, "")} -> Very Small | C82: =IFERROR(__xludf.DUMMYFUNCTION("""COMPUTED_VALUE"""),"Augusta") -> Augusta | D82: =IFERROR(__xludf.DUMMYFUNCTION("""COMPUTED_VALUE"""),"Jefferson") -> Jefferson | I82: =IFERROR(__xludf.DUMMYFUNCTION("""COMPUTED_VALUE"""),"#DIV/0!") -> #DIV/0! | N82: =IFERROR(__xludf.DUMMYFUNCTION("""COMPUTED_VALUE"""),0.0) -> 0
A83: {=XLOOKUP(D83, CountyTops!D:D, CountyTops!B:B, "")} -> Micro | C83: =IFERROR(__xludf.DUMMYFUNCTION("""COMPUTED_VALUE"""),"Augusta") -> Augusta | D83: =IFERROR(__xludf.DUMMYFUNCTION("""COMPUTED_VALUE"""),"Jenkins") -> Jenkins | I83: =IFERROR(__xludf.DUMMYFUNCTION("""COMPUTED_VALUE"""),"#DIV/0!") -> #DIV/0! | N83: =IFERROR(__xludf.DUMMYFUNCTION("""COMPUTED_VALUE"""),0.0) -> 0
A84: {=XLOOKUP(D84, CountyTops!D:D, CountyTops!B:B, "")} -> Very Small | C84: =IFERROR(__xludf.DUMMYFUNCTION("""COMPUTED_VALUE"""),"Macon") -> Macon | D84: =IFERROR(__xludf.DUMMYFUNCTION("""COMPUTED_VALUE"""),"Johnson") -> Johnson | I84: =IFERROR(__xludf.DUMMYFUNCTION("""COMPUTED_VALUE"""),"#DIV/0!") -> #DIV/0! | N84: =IFERROR(__xludf.DUMMYFUNCTION("""COMPUTED_VALUE"""),0.0) -> 0
A85: {=XLOOKUP(D85, CountyTops!D:D, CountyTops!B:B, "")} -> Very Small | C85: =IFERROR(__xludf.DUMMYFUNCTION("""COMPUTED_VALUE"""),"Macon") -> Macon | D85: =IFERROR(__xludf.DUMMYFUNCTION("""COMPUTED_VALUE"""),"Jones") -> Jones | I85: =IFERROR(__xludf.DUMMYFUNCTION("""COMPUTED_VALUE"""),"#DIV/0!") -> #DIV/0! | N85: =IFERROR(__xludf.DUMMYFUNCTION("""COMPUTED_VALUE"""),0.0) -> 0
A86: {=XLOOKUP(D86, CountyTops!D:D, CountyTops!B:B, "")} -> Very Small | C86: =IFERROR(__xludf.DUMMYFUNCTION("""COMPUTED_VALUE"""),"Atlanta") -> Atlanta | D86: =IFERROR(__xludf.DUMMYFUNCTION("""COMPUTED_VALUE"""),"Lamar") -> Lamar | I86: =IFERROR(__xludf.DUMMYFUNCTION("""COMPUTED_VALUE"""),"#DIV/0!") -> #DIV/0! | N86: =IFERROR(__xludf.DUMMYFUNCTION("""COMPUTED_VALUE"""),0.0) -> 0
A87: {=XLOOKUP(D87, CountyTops!D:D, CountyTops!B:B, "")} -> Micro | C87: =IFERROR(__xludf.DUMMYFUNCTION("""COMPUTED_VALUE"""),"Tallahassee, FL") -> Tallahassee, FL | D87: =IFERROR(__xludf.DUMMYFUNCTION("""COMPUTED_VALUE"""),"Lanier") -> Lanier | I87: =IFERROR(__xludf.DUMMYFUNCTION("""COMPUTED_VALUE"""),"#DIV/0!") -> #DIV/0! | N87: =IFERROR(__xludf.DUMMYFUNCTION("""COMPUTED_VALUE"""),0.0) -> 0
A88: {=XLOOKUP(D88, CountyTops!D:D, CountyTops!B:B, "")} -> Small | C88: =IFERROR(__xludf.DUMMYFUNCTION("""COMPUTED_VALUE"""),"Macon") -> Macon | D88: =IFERROR(__xludf.DUMMYFUNCTION("""COMPUTED_VALUE"""),"Laurens") -> Laurens | I88: =IFERROR(__xludf.DUMMYFUNCTION("""COMPUTED_VALUE"""),"#DIV/0!") -> #DIV/0! | N88: =IFERROR(__xludf.DUMMYFUNCTION("""COMPUTED_VALUE"""),0.0) -> 0
A89: {=XLOOKUP(D89, CountyTops!D:D, CountyTops!B:B, "")} -> Very Small | C89: =IFERROR(__xludf.DUMMYFUNCTION("""COMPUTED_VALUE"""),"Albany") -> Albany | D89: =IFERROR(__xludf.DUMMYFUNCTION("""COMPUTED_VALUE"""),"Lee") -> Lee | I89: =IFERROR(__xludf.DUMMYFUNCTION("""COMPUTED_VALUE"""),"#DIV/0!") -> #DIV/0! | N89: =IFERROR(__xludf.DUMMYFUNCTION("""COMPUTED_VALUE"""),0.0) -> 0
A90: {=XLOOKUP(D90, CountyTops!D:D, CountyTops!B:B, "")} -> Very Small | C90: =IFERROR(__xludf.DUMMYFUNCTION("""COMPUTED_VALUE"""),"Savannah") -> Savannah | D90: =IFERROR(__xludf.DUMMYFUNCTION("""COMPUTED_VALUE"""),"Liberty") -> Liberty | I90: =IFERROR(__xludf.DUMMYFUNCTION("""COMPUTED_VALUE"""),"#DIV/0!") -> #DIV/0! | N90: =IFERROR(__xludf.DUMMYFUNCTION("""COMPUTED_VALUE"""),0.0) -> 0
A91: {=XLOOKUP(D91, CountyTops!D:D, CountyTops!B:B, "")} -> Very Small | C91: =IFERROR(__xludf.DUMMYFUNCTION("""COMPUTED_VALUE"""),"Augusta") -> Augusta | D91: =IFERROR(__xludf.DUMMYFUNCTION("""COMPUTED_VALUE"""),"Lincoln") -> Lincoln | I91: =IFERROR(__xludf.DUMMYFUNCTION("""COMPUTED_VALUE"""),"#DIV/0!") -> #DIV/0! | N91: =IFERROR(__xludf.DUMMYFUNCTION("""COMPUTED_VALUE"""),0.0) -> 0
A92: {=XLOOKUP(D92, CountyTops!D:D, CountyTops!B:B, "")} -> Very Small | C92: =IFERROR(__xludf.DUMMYFUNCTION("""COMPUTED_VALUE"""),"Savannah") -> Savannah | D92: =IFERROR(__xludf.DUMMYFUNCTION("""COMPUTED_VALUE"""),"Long") -> Long | I92: =IFERROR(__xludf.DUMMYFUNCTION("""COMPUTED_VALUE"""),"#DIV/0!") -> #DIV/0! | N92: =IFERROR(__xludf.DUMMYFUNCTION("""COMPUTED_VALUE"""),0.0) -> 0
A93: {=XLOOKUP(D93, CountyTops!D:D, CountyTops!B:B, "")} -> Small | C93: =IFERROR(__xludf.DUMMYFUNCTION("""COMPUTED_VALUE"""),"Tallahassee, FL") -> Tallahassee, FL | D93: =IFERROR(__xludf.DUMMYFUNCTION("""COMPUTED_VALUE"""),"Lowndes") -> Lowndes | I93: =IFERROR(__xludf.DUMMYFUNCTION("""COMPUTED_VALUE"""),"#DIV/0!") -> #DIV/0! | N93: =IFERROR(__xludf.DUMMYFUNCTION("""COMPUTED_VALUE"""),0.0) -> 0
A94: {=XLOOKUP(D94, CountyTops!D:D, CountyTops!B:B, "")} -> Very Small | C94: =IFERROR(__xludf.DUMMYFUNCTION("""COMPUTED_VALUE"""),"Atlanta") -> Atlanta | D94: =IFERROR(__xludf.DUMMYFUNCTION("""COMPUTED_VALUE"""),"Lumpkin") -> Lumpkin | I94: =IFERROR(__xludf.DUMMYFUNCTION("""COMPUTED_VALUE"""),"#DIV/0!") -> #DIV/0! | N94: =IFERROR(__xludf.DUMMYFUNCTION("""COMPUTED_VALUE"""),0.0) -> 0
A95: {=XLOOKUP(D95, CountyTops!D:D, CountyTops!B:B, "")} -> Micro | C95: =IFERROR(__xludf.DUMMYFUNCTION("""COMPUTED_VALUE"""),"Macon") -> Macon | D95: =IFERROR(__xludf.DUMMYFUNCTION("""COMPUTED_VALUE"""),"Macon") -> Macon | I95: =IFERROR(__xludf.DUMMYFUNCTION("""COMPUTED_VALUE"""),"#DIV/0!") -> #DIV/0! | N95: =IFERROR(__xludf.DUMMYFUNCTION("""COMPUTED_VALUE"""),0.0) -> 0
A96: {=XLOOKUP(D96, CountyTops!D:D, CountyTops!B:B, "")} -> Very Small | C96: =IFERROR(__xludf.DUMMYFUNCTION("""COMPUTED_VALUE"""),"Atlanta") -> Atlanta | D96: =IFERROR(__xludf.DUMMYFUNCTION("""COMPUTED_VALUE"""),"Madison") -> Madison | I96: =IFERROR(__xludf.DUMMYFUNCTION("""COMPUTED_VALUE"""),"#DIV/0!") -> #DIV/0! | N96: =IFERROR(__xludf.DUMMYFUNCTION("""COMPUTED_VALUE"""),0.0) -> 0
A97: {=XLOOKUP(D97, CountyTops!D:D, CountyTops!B:B, "")} -> Micro | C97: =IFERROR(__xludf.DUMMYFUNCTION("""COMPUTED_VALUE"""),"Columbus") -> Columbus | D97: =IFERROR(__xludf.DUMMYFUNCTION("""COMPUTED_VALUE"""),"Marion") -> Marion | I97: =IFERROR(__xludf.DUMMYFUNCTION("""COMPUTED_VALUE"""),"#DIV/0!") -> #DIV/0! | N97: =IFERROR(__xludf.DUMMYFUNCTION("""COMPUTED_VALUE"""),0.0) -> 0
A98: {=XLOOKUP(D98, CountyTops!D:D, CountyTops!B:B, "")} -> Very Small | C98: =IFERROR(__xludf.DUMMYFUNCTION("""COMPUTED_VALUE"""),"Augusta") -> Augusta | D98: =IFERROR(__xludf.DUMMYFUNCTION("""COMPUTED_VALUE"""),"McDuffie") -> McDuffie | I98: =IFERROR(__xludf.DUMMYFUNCTION("""COMPUTED_VALUE"""),"#DIV/0!") -> #DIV/0! | N98: =IFERROR(__xludf.DUMMYFUNCTION("""COMPUTED_VALUE"""),0.0) -> 0
A99: {=XLOOKUP(D99, CountyTops!D:D, CountyTops!B:B, "")} -> Very Small | C99: =IFERROR(__xludf.DUMMYFUNCTION("""COMPUTED_VALUE"""),"Savannah") -> Savannah | D99: =IFERROR(__xludf.DUMMYFUNCTION("""COMPUTED_VALUE"""),"McIntosh") -> McIntosh | I99: =IFERROR(__xludf.DUMMYFUNCTION("""COMPUTED_VALUE"""),"#DIV/0!") -> #DIV/0! | N99: =IFERROR(__xludf.DUMMYFUNCTION("""COMPUTED_VALUE"""),0.0) -> 0
A100: {=XLOOKUP(D100, CountyTops!D:D, CountyTops!B:B, "")} -> Very Small | C100: =IFERROR(__xludf.DUMMYFUNCTION("""COMPUTED_VALUE"""),"Atlanta") -> Atlanta | D100: =IFERROR(__xludf.DUMMYFUNCTION("""COMPUTED_VALUE"""),"Meriwether") -> Meriwether | I100: =IFERROR(__xludf.DUMMYFUNCTION("""COMPUTED_VALUE"""),"#DIV/0!") -> #DIV/0! | N100: =IFERROR(__xludf.DUMMYFUNCTION("""COMPUTED_VALUE"""),0.0) -> 0
...

Sheet RegionTops
A1: DMA
B2: Average | C2: Avg % | D2: Pres Yr Avg | E2: Pres Yr Avg % | F2: Off Yr Avg | G2: Off Yr Avg % | H2: Sum of 2024 Pres Total | I2: Sum of 2022 Sen Total | J2: Sum of 2022 Gov Total | K2: Sum of 2022 Lt Gov Total | L2: Sum of 2020 Trump Total | M2: Sum of 2020 Perdue Total | N2: Sum of 2018 Gov RO Total | O2: Sum of 2018 Gov Int Total | P2: Sum of 2016 Pres Pref Total | Q2: Sum of 20216 Sen Total
A3: Albany | B3: =AVERAGE(H3:Q3) -> 37317.9 | C3: =B3/$B$15 -> 0.041016524 | D3: =AVERAGE(H3,L3,P3) -> 38937.667 | E3: =D3/$D$15 -> 0.041243698 | F3: =AVERAGE(I3,J3,K3,N3,O3) -> 36856.8 | G3: =F3/$F$15 -> 0.039244582 | H3: 23974 | I3: 46591 | J3: 47084 | K3: 43820 | L3: 43429 | M3: 44286 | N3: 21953 | O3: 24836 | P3: 49410 | Q3: 27796
A4: Atlanta | B4: =AVERAGE(H4:Q4) -> 590085.6 | C4: =B4/$B$15 -> 0.64856973 | D4: =AVERAGE(H4,L4,P4) -> 615154 | E4: =D4/$D$15 -> 0.65158568 | F4: =AVERAGE(I4,J4,K4,N4,O4) -> 613318 | G4: =F4/$F$15 -> 0.65305204 | H4: 377019 | I4: 764324 | J4: 783769 | K4: 728857 | L4: 595521 | M4: 631429 | N4: 399427 | O4: 390213 | P4: 872922 | Q4: 357375
A5: Augusta | B5: =AVERAGE(H5:Q5) -> 41810.6 | C5: =B5/$B$15 -> 0.045954501 | D5: =AVERAGE(H5,L5,P5) -> 42197.667 | E5: =D5/$D$15 -> 0.044696767 | F5: =AVERAGE(I5,J5,K5,N5,O5) -> 44182.4 | G5: =F5/$F$15 -> 0.047044773 | H5: 27782 | I5: 52990 | J5: 53821 | K5: 49967 | L5: 40975 | M5: 42660 | N5: 29802 | O5: 34332 | P5: 57836 | Q5: 27941
A6: Chattanooga | B6: =AVERAGE(H6:Q6) -> 32634.5 | C6: =B6/$B$15 -> 0.035868946 | D6: =AVERAGE(H6,L6,P6) -> 35996.667 | E6: =D6/$D$15 -> 0.038128521 | F6: =AVERAGE(I6,J6,K6,N6,O6) -> 30215.6 | G6: =F6/$F$15 -> 0.032173129 | H6: 24800 | I6: 41730 | J6: 42649 | K6: 38174 | L6: 41125 | M6: 40775 | N6: 12378 | O6: 16147 | P6: 42065 | Q6: 26502
A7: Columbus | B7: =AVERAGE(H7:Q7) -> 21146.6 | C7: =B7/$B$15 -> 0.023242466 | D7: =AVERAGE(H7,L7,P7) -> 21218.333 | E7: =D7/$D$15 -> 0.022474961 | F7: =AVERAGE(I7,J7,K7,N7,O7) -> 22517.6 | G7: =F7/$F$15 -> 0.023976411 | H7: 12916 | I7: 28053 | J7: 28664 | K7: 25726 | L7: 20549 | M7: 21590 | N7: 12389 | O7: 17756 | P7: 30190 | Q7: 13633
A8: Dothan, AL | B8: =AVERAGE(H8:Q8) -> 1154.5 | C8: =B8/$B$15 -> 0.0012689239 | D8: =AVERAGE(H8,L8,P8) -> 1105 | E8: =D8/$D$15 -> 0.0011704422 | F8: =AVERAGE(I8,J8,K8,N8,O8) -> 1186.8 | G8: =F8/$F$15 -> 0.0012636873 | H8: 720 | I8: 1421 | J8: 1432 | K8: 1316 | L8: 1241 | M8: 1417 | N8: 826 | O8: 939 | P8: 1354 | Q8: 879
A9: Greenville, SC | B9: =AVERAGE(H9:Q9) -> 13863.3 | C9: =B9/$B$15 -> 0.015237309 | D9: =AVERAGE(H9,L9,P9) -> 14380.333 | E9: =D9/$D$15 -> 0.015231989 | F9: =AVERAGE(I9,J9,K9,N9,O9) -> 13115.8 | G9: =F9/$F$15 -> 0.013965512 | H9: 10307 | I9: 16894 | J9: 17117 | K9: 15943 | L9: 17048 | M9: 17973 | N9: 6928 | O9: 8697 | P9: 15786 | Q9: 11940
A10: Jacksonville, FL | B10: =AVERAGE(H10:Q10) -> 25363 | C10: =B10/$B$15 -> 0.027876759 | D10: =AVERAGE(H10,L10,P10) -> 25508 | E10: =D10/$D$15 -> 0.027018677 | F10: =AVERAGE(I10,J10,K10,N10,O10) -> 25274 | G10: =F10/$F$15 -> 0.026911386 | H10: 17263 | I10: 32365 | J10: 32895 | K10: 29948 | L10: 28697 | M10: 29771 | N10: 13846 | O10: 17316 | P10: 30564 | Q10: 20965
A11: Macon | B11: =AVERAGE(H11:Q11) -> 61151.8 | C11: =B11/$B$15 -> 0.067212632 | D11: =AVERAGE(H11,L11,P11) -> 61384.667 | E11: =D11/$D$15 -> 0.065020092 | F11: =AVERAGE(I11,J11,K11,N11,O11) -> 65036 | G11: =F11/$F$15 -> 0.069249382 | H11: 40273 | I11: 81205 | J11: 82200 | K11: 77359 | L11: 63504 | M11: 66062 | N11: 41899 | O11: 42517 | P11: 80377 | Q11: 36122
A12: Savannah | B12: =AVERAGE(H12:Q12) -> 63581.2 | C12: =B12/$B$15 -> 0.069882813 | D12: =AVERAGE(H12,L12,P12) -> 65245.667 | E12: =D12/$D$15 -> 0.069109754 | F12: =AVERAGE(I12,J12,K12,N12,O12) -> 64216.4 | G12: =F12/$F$15 -> 0.068376684 | H12: 38773 | I12: 82812 | J12: 84500 | K12: 77765 | L12: 73003 | M12: 73952 | N12: 35776 | O12: 40229 | P12: 83961 | Q12: 45041
A13: Tallahassee, FL | B13: =AVERAGE(H13:Q13) -> 21717 | C13: =B13/$B$15 -> 0.023869399 | D13: =AVERAGE(H13,L13,P13) -> 22959.667 | E13: =D13/$D$15 -> 0.024319422 | F13: =AVERAGE(I13,J13,K13,N13,O13) -> 23237 | G13: =F13/$F$15 -> 0.024742418 | H13: 15120 | I13: 30240 | J13: 30611 | K13: 27792 | L13: 22260 | M13: 22640 | N13: 13083 | O13: 14459 | P13: 31499 | Q13: 9466
C14: =B14/$B$15 -> 0
A15: TOTAL | B15: =SUM(B3:B13) -> 909826 | C15: =SUM(C3:C13) -> 1 | D15: =SUM(D3:D13) -> 944087.67 | E15: =SUM(E3:E13) -> 1 | F15: =SUM(F3:F13) -> 939156.4 | G15: =SUM(G3:G13) -> 1 | H15: =SUM(H3:H13) -> 588947 | I15: =SUM(I3:I13) -> 1178625 | ... Q15: =SUM(Q3:Q13) -> 577660
A19: Custom Region 1
B20: Sum of Average | D20: Sum of Pres Yr Avg | F20: Sum of Off Yr Avg
A21: Athens Area | B21: 37527.2 | C21: =B21/$B$34 -> 0.041246568 | D21: 34880.8 | E21: =D21/$D$34 -> 0.039614962 | F21: 40173.6 | G21: =F21/$F$34 -> 0.042776262
A22: Augusta Area | B22: 29353.7 | C22: =B22/$B$34 -> 0.032262982 | D22: 27827.6 | E22: =D22/$D$34 -> 0.031604474 | F22: 30879.8 | G22: =F22/$F$34 -> 0.032880359
A23: Coastal GA | B23: 48244.8 | C23: =B23/$B$34 -> 0.053026403 | D23: 45572.4 | E23: =D23/$D$34 -> 0.051757669 | F23: 50917.2 | G23: =F23/$F$34 -> 0.05421589
A24: Columbus/Phenix | B24: 15420 | C24: =B24/$B$34 -> 0.016948296 | D24: 14210.6 | E24: =D24/$D$34 -> 0.01613932 | F24: 16629.4 | G24: =F24/$F$34 -> 0.017706742
A25: Greater Metro Atlanta | B25: 170444.7 | C25: =B25/$B$34 -> 0.18733769 | D25: 162896 | E25: =D25/$D$34 -> 0.1850049 | F25: 177993.4 | G25: =F25/$F$34 -> 0.18952477
A26: Macon Metro | B26: 39936.6 | C26: =B26/$B$34 -> 0.043894767 | D26: 37339.6 | E26: =D26/$D$34 -> 0.042407481 | F26: 42533.6 | G26: =F26/$F$34 -> 0.045289155
A27: Metro Atlanta | B27: 196661.9 | C27: =B27/$B$34 -> 0.21615331 | D27: 183546.6 | E27: =D27/$D$34 -> 0.20845828 | F27: 209777.2 | G27: =F27/$F$34 -> 0.22336769
A28: Middle GA | B28: 94936.6 | C28: =B28/$B$34 -> 0.10434589 | D28: 92615.2 | E28: =D28/$D$34 -> 0.10518531 | F28: 97258 | G28: =F28/$F$34 -> 0.1035589
A29: N GA | B29: 90844.7 | C29: =B29/$B$34 -> 0.099848433 | D29: 90278.6 | E29: =D29/$D$34 -> 0.10253157 | F29: 91410.8 | G29: =F29/$F$34 -> 0.097332883
A30: NW GA | B30: 65899.3 | C30: =B30/$B$34 -> 0.072430663 | D30: 69235.4 | E30: =D30/$D$34 -> 0.078632307 | F30: 62563.2 | G30: =F30/$F$34 -> 0.06661638
A31: S GA | B31: 110452.3 | C31: =B31/$B$34 -> 0.12139937 | D31: 111444.6 | E31: =D31/$D$34 -> 0.12657031 | F31: 109460 | G31: =F31/$F$34 -> 0.11655141
A32: West GA | B32: 10104.2 | C32: =B32/$B$34 -> 0.01110564 | D32: 10648.2 | E32: =D32/$D$34 -> 0.012093416 | F32: 9560.2 | G32: =F32/$F$34 -> 0.010179561
A34: Grand Total | B34: 909826 | C34: =B34/$B$34 -> 1 | D34: 880495.6 | E34: =D34/$D$34 -> 1 | F34: 939156.4 | G34: =F34/$F$34 -> 1
A38: Custom Region 2
B39: Sum of Average | D39: Sum of Pres Yr Avg | F39: Sum of Off Yr Avg | I39: Total Counties | J39: Avg/County By Off Yr Avg | L39: 22 GOP Primary i360 Ind | M39: HH | N39: Total Phone | O39: Cells | R39: =SUM(R40:R44) -> 49
A40: Mega | B40: 170050.6 | C40: =B40/$B$48 -> 0.18690453 | D40: 158307 | E40: =D40/$D$48 -> 0.17979306 | F40: 181794.2 | G40: =F40/$F$48 -> 0.19357181 | I40: 3 | J40: 60598.067 | L40: 70032 | M40: 47011.667 | N40: 64074 | O40: 53953.667 | Q40: 3 | R40: 9
A41: Large | B41: 132533.5 | C41: =B41/$B$48 -> 0.14566906 | D41: 123822.8 | E41: =D41/$D$48 -> 0.14062853 | F41: 141244.2 | G41: =F41/$F$48 -> 0.15039476 | I41: 5 | J41: 28248.84 | L41: 34363 | M41: 22679 | N41: 30647.4 | O41: 25639 | Q41: 2 | R41: 10
A42: Mid-Large | B42: 86418.6 | C42: =B42/$B$48 -> 0.094983656 | D42: 82500.4 | E42: =D42/$D$48 -> 0.093697686 | F42: 90336.8 | G42: =F42/$F$48 -> 0.096189304 | I42: 5 | J42: 18067.36 | L42: 21368 | M42: 14085.6 | N42: 18828.8 | O42: 15212.2 | Q42: 2 | R42: 10
A43: Mid-Small | B43: 115941.7 | C43: =B43/$B$48 -> 0.12743283 | D43: 111765.6 | E43: =D43/$D$48 -> 0.12693488 | F43: 120117.8 | G43: =F43/$F$48 -> 0.12789968 | I43: 10 | J43: 12011.78 | L43: 14723 | M43: 9853.3 | N43: 12967.5 | O43: 10310.5 | Q43: 1 | R43: 10
A44: Small | B44: 179600.3 | C44: =B44/$B$48 -> 0.19740071 | D44: 178306.4 | E44: =D44/$D$48 -> 0.20250686 | F44: 180894.2 | G44: =F44/$F$48 -> 0.1926135 | I44: 27 | J44: 6699.7852 | L44: 8215 | M44: 5473.9259 | N44: 7216.8519 | O44: 5667.5926 | R44: 10
A45: Very Small | B45: 209092.6 | C45: =B45/$B$48 -> 0.22981603 | D45: 211002.2 | E45: =D45/$D$48 -> 0.23964027 | F45: 207183 | G45: =F45/$F$48 -> 0.22060543 | I45: 80 | J45: 2589.7875 | L45: 3200 | M45: 2147.525 | N45: 2714.9375 | O45: 2012.4125
A46: Micro | B46: 16188.7 | C46: =B46/$B$48 -> 0.017793182 | D46: 14791.2 | E46: =D46/$D$48 -> 0.016798721 | F46: 17586.2 | G46: =F46/$F$48 -> 0.018725529 | I46: 29 | J46: 606.42069 | L46: 730 | M46: 501.03448 | N46: 585.58621 | O46: 403.06897
A48: Grand Total | B48: 909826 | C48: =B48/$B$48 -> 1 | D48: 880495.6 | E48: =D48/$D$48 -> 1 | F48: 939156.4 | G48: =F48/$F$48 -> 1

Sheet CountyTops
M3: 2024 Pres | O3: 2022 US Sen | Q3: 2022 Gov | S3: 2022 Lt Gov | U3: 2020 Pres | W3: 2020 US Sen | Y3: 2018 Gov RO | AA3: 2018 Gov Int. | AC3: 2016 Pres Pref. | AE3: 2016 US Sen
E4: =SUM(E6:E164) -> 909826 | F4: =SUM(F6:F164) -> 1 | G4: =SUM(G6:G164) -> 880495.6 | H4: =SUM(H6:H164) -> 1 | I4: =SUM(I6:I164) -> 939156.4 | J4: =SUM(J6:J164) -> 1 | K4: =SUM(K6:K164) -> 1166678 | L4: =SUM(L6:L164) -> 1 | ... AF4: =SUM(AF6:AF164) -> 1.0565914 | AH4: 2022 Primary (i360)
A5: Custom Geo I | B5: Custom Geo II | C5: DMA | D5: County | E5: Average | F5: Avg % | G5: Pres Yr Avg | H5: Pres Yr Avg % | I5: Off Yr Avg | J5: Off Yr Avg % | K5: 2022 Avg | L5: 2022 Avg % | M5: Total | N5: % Cont. | O5: Total | P5: % Cont. | Q5: Total | R5: % Cont. | S5: Total | T5: % Cont. | U5: Trump Total | V5: % Cont. | W5: Perdue Total | X5: % Cont. | Y5: Total | Z5: % Cont. | AA5: Total | AB5: % Cont. | AC5: Total | AD5: % Cont. | AE5: Total | AF5: % Cont. | AG5: Individuals | AH5: Mailing Addresses | AI5: Total Phones (LL + Cell) | AJ5: Cells
A6: Metro Atlanta | B6: Mega | C6: Atlanta | D6: Cobb | E6: =AVERAGE(M6,O6,Q6,S6,U6,W6,Y6,AA6,AC6,AE6) -> 67850.6 | F6: =E6/$E$4 -> 0.074575358 | G6: =AVERAGE(M6,U6,W6,AC6,AE6) -> 63917 | H6: =G6/$G$4 -> 0.072592072 | I6: =AVERAGE(O6,Q6,S6,Y6,AA6) -> 71784.2 | J6: =I6/$I$4 -> 0.076434766 | K6: =AVERAGE(O6,Q6,S6) -> 89225 | L6: =K6/$K$4 -> 0.076477828 | M6: 39947 | N6: =M6/$M$4 -> 0.067827835 | O6: 90018 | P6: =O6/$O$4 -> 0.076375437 | Q6: 92923 | R6: =Q6/$Q$4 -> 0.077131037 | S6: 84734 | T6: =S6/$S$4 -> 0.075881171 | U6: 63696 | V6: =U6/$U$4 -> 0.067235832 | W6: 67252 | X6: =W6/$W$4 -> 0.067756447 | Y6: 49527 | Z6: =Y6/$Y$4 -> 0.084185638 | AA6: 41719 | AB6: =AA6/$AA$4 -> 0.068679921 | AC6: 112197 | AD6: =AC6/$AC$4 -> 0.086574164 | AE6: 36493 | AF6: =AE6/$AE$4 -> 0.063173839 | AG6: 83977 | AH6: 54927 | AI6: 76807 | AJ6: 64497
A7: Metro Atlanta | B7: Mega | C7: Atlanta | D7: Gwinnett | E7: =AVERAGE(M7,O7,Q7,S7,U7,W7,Y7,AA7,AC7,AE7) -> 54995.7 | F7: =E7/$E$4 -> 0.060446393 | G7: =AVERAGE(M7,U7,W7,AC7,AE7) -> 53770.2 | H7: =G7/$G$4 -> 0.061068108 | I7: =AVERAGE(O7,Q7,S7,Y7,AA7) -> 56221.2 | J7: =I7/$I$4 -> 0.059863512 | K7: =AVERAGE(O7,Q7,S7) -> 68183.667 | L7: =K7/$K$4 -> 0.058442575 | M7: 29075 | N7: =M7/$M$4 -> 0.04936777 | O7: 68504 | P7: =O7/$O$4 -> 0.058121964 | Q7: 70227 | R7: =Q7/$Q$4 -> 0.058292149 | S7: 65820 | T7: =S7/$S$4 -> 0.058943266 | U7: 57897 | V7: =U7/$U$4 -> 0.061114559 | W7: 60783 | X7: =W7/$W$4 -> 0.061238924 | Y7: 40312 | Z7: =Y7/$Y$4 -> 0.068522047 | AA7: 36243 | AB7: =AA7/$AA$4 -> 0.059665054 | AC7: 98949 | AD7: =AC7/$AC$4 -> 0.076351658 | AE7: 22147 | AF7: =AE7/$AE$4 -> 0.038339161 | AG7: 61667 | AH7: 41495 | AI7: 56484 | AJ7: 47348
A8: Metro Atlanta | B8: Mega | C8: Atlanta | D8: Fulton | E8: =AVERAGE(M8,O8,Q8,S8,U8,W8,Y8,AA8,AC8,AE8) -> 47204.3 | F8: =E8/$E$4 -> 0.051882778 | G8: =AVERAGE(M8,U8,W8,AC8,AE8) -> 40619.8 | H8: =G8/$G$4 -> 0.046132882 | I8: =AVERAGE(O8,Q8,S8,Y8,AA8) -> 53788.8 | J8: =I8/$I$4 -> 0.057273528 | K8: =AVERAGE(O8,Q8,S8) -> 66236 | L8: =K8/$K$4 -> 0.056773163 | M8: 27400 | N8: =M8/$M$4 -> 0.046523711 | O8: 67075 | P8: =O8/$O$4 -> 0.056909534 | Q8: 69796 | R8: =Q8/$Q$4 -> 0.057934396 | S8: 61837 | T8: =S8/$S$4 -> 0.055376401 | U8: 33861 | V8: =U8/$U$4 -> 0.035742786 | W8: 37579 | X8: =W8/$W$4 -> 0.037860874 | Y8: 35081 | Z8: =Y8/$Y$4 -> 0.059630431 | AA8: 35155 | AB8: =AA8/$AA$4 -> 0.057873933 | AC8: 84794 | AD8: =AC8/$AC$4 -> 0.065429287 | AE8: 19465 | AF8: =AE8/$AE$4 -> 0.033696292 | AG8: 64451 | AH8: 44613 | AI8: 58931 | AJ8: 50016
A9: Greater Metro Atlanta | B9: Large | C9: Atlanta | D9: Cherokee | E9: =AVERAGE(M9,O9,Q9,S9,U9,W9,Y9,AA9,AC9,AE9) -> 36394.2 | F9: =E9/$E$4 -> 0.040001275 | G9: =AVERAGE(M9,U9,W9,AC9,AE9) -> 34205 | H9: =G9/$G$4 -> 0.03884744 | I9: =AVERAGE(O9,Q9,S9,Y9,AA9) -> 38583.4 | J9: =I9/$I$4 -> 0.04108304 | K9: =AVERAGE(O9,Q9,S9) -> 50427.667 | L9: =K9/$K$4 -> 0.043223294 | M9: 26317 | N9: =M9/$M$4 -> 0.044684836 | O9: 50700 | P9: =O9/$O$4 -> 0.043016227 | Q9: 52199 | R9: =Q9/$Q$4 -> 0.043327949 | S9: 48384 | T9: =S9/$S$4 -> 0.043328942 | U9: 35457 | V9: =U9/$U$4 -> 0.037427482 | W9: 37450 | X9: =W9/$W$4 -> 0.037730907 | Y9: 20646 | Z9: =Y9/$Y$4 -> 0.035093922 | AA9: 20988 | AB9: =AA9/$AA$4 -> 0.034551504 | AC9: 50327 | AD9: =AC9/$AC$4 -> 0.03883364 | AE9: 21474 | AF9: =AE9/$AE$4 -> 0.037174116 | AG9: 51300 | AH9: 33370 | AI9: 45812 | AJ9: 39190
A10: Greater Metro Atlanta | B10: Large | C10: Atlanta | D10: Forsyth | E10: =AVERAGE(M10,O10,Q10,S10,U10,W10,Y10,AA10,AC10,AE10) -> 30326.3 | F10: =E10/$E$4 -> 0.033331978 | G10: =AVERAGE(M10,U10,W10,AC10,AE10) -> 28044.6 | H10: =G10/$G$4 -> 0.031850926 | I10: =AVERAGE(O10,Q10,S10,Y10,AA10) -> 32608 | J10: =I10/$I$4 -> 0.034720522 | K10: =AVERAGE(O10,Q10,S10) -> 39320.667 | L10: =K10/$K$4 -> 0.033703101 | M10: 19736 | N10: =M10/$M$4 -> 0.033510655 | O10: 39491 | P10: =O10/$O$4 -> 0.033505992 | Q10: 40466 | R10: =Q10/$Q$4 -> 0.033588934 | S10: 38005 | T10: =S10/$S$4 -> 0.034034318 | U10: 28848 | V10: =U10/$U$4 -> 0.030451194 | W10: 30884 | X10: =W10/$W$4 -> 0.031115656 | Y10: 19475 | Z10: =Y10/$Y$4 -> 0.033103465 | AA10: 25603 | AB10: =AA10/$AA$4 -> 0.042148949 | AC10: 42318 | AD10: =AC10/$AC$4 -> 0.032653685 | AE10: 18437 | AF10: =AE10/$AE$4 -> 0.031916698 | AG10: 37710 | AH10: 24264 | AI10: 33866 | AJ10: 29071
A11: N GA | B11: Large | C11: Atlanta | D11: Hall | E11: =AVERAGE(M11,O11,Q11,S11,U11,W11,Y11,AA11,AC11,AE11) -> 24588.3 | F11: =E11/$E$4 -> 0.027025277 | G11: =AVERAGE(M11,U11,W11,AC11,AE11) -> 22999.6 | H11: =G11/$G$4 -> 0.026121198 | I11: =AVERAGE(O11,Q11,S11,Y11,AA11) -> 26177 | J11: =I11/$I$4 -> 0.027872887 | K11: =AVERAGE(O11,Q11,S11) -> 32187.333 | L11: =K11/$K$4 -> 0.027588875 | M11: 16864 | N11: =M11/$M$4 -> 0.028634156 | O11: 32129 | P11: =O11/$O$4 -> 0.027259731 | Q11: 32620 | R11: =Q11/$Q$4 -> 0.027076337 | S11: 31813 | T11: =S11/$S$4 -> 0.028489245 | U11: 26186 | V11: =U11/$U$4 -> 0.027641257 | W11: 27725 | X11: =W11/$W$4 -> 0.027932961 | Y11: 18823 | Z11: =Y11/$Y$4 -> 0.0319952 | AA11: 15500 | AB11: =AA11/$AA$4 -> 0.025516881 | AC11: 32623 | AD11: =AC11/$AC$4 -> 0.025172767 | AE11: 11600 | AF11: =AE11/$AE$4 -> 0.020081017 | AG11: 31654 | AH11: 20449 | AI11: 27985 | AJ11: 23240
A12: Metro Atlanta | B12: Large | C12: Atlanta | D12: DeKalb | E12: =AVERAGE(M12,O12,Q12,S12,U12,W12,Y12,AA12,AC12,AE12) -> 22326.8 | F12: =E12/$E$4 -> 0.024539637 | G12: =AVERAGE(M12,U12,W12,AC12,AE12) -> 20893.8 | H12: =G12/$G$4 -> 0.02372959 | I12: =AVERAGE(O12,Q12,S12,Y12,AA12) -> 23759.8 | J12: =I12/$I$4 -> 0.025299088 | K12: =AVERAGE(O12,Q12,S12) -> 29072 | L12: =K12/$K$4 -> 0.024918615 | M12: 12595 | N12: =M12/$M$4 -> 0.021385626 | O12: 29395 | P12: =O12/$O$4 -> 0.024940078 | Q12: 30685 | R12: =Q12/$Q$4 -> 0.025470184 | S12: 27136 | T12: =S12/$S$4 -> 0.024300888 | U12: 17425 | V12: =U12/$U$4 -> 0.018393374 | W12: 18923 | X12: =W12/$W$4 -> 0.019064938 | Y12: 16498 | Z12: =Y12/$Y$4 -> 0.028043182 | AA12: 15085 | AB12: =AA12/$AA$4 -> 0.024833688 | AC12: 44450 | AD12: =AC12/$AC$4 -> 0.034298792 | AE12: 11076 | AF12: =AE12/$AE$4 -> 0.019173909 | AG12: 28258 | AH12: 20438 | AI12: 26134 | AJ12: 21407
A13: Augusta Area | B13: Large | C13: Augusta | D13: Columbia | E13: =AVERAGE(M13,O13,Q13,S13,U13,W13,Y13,AA13,AC13,AE13) -> 18897.9 | F13: =E13/$E$4 -> 0.020770895 | G13: =AVERAGE(M13,U13,W13,AC13,AE13) -> 17679.8 | H13: =G13/$G$4 -> 0.020079373 | I13: =AVERAGE(O13,Q13,S13,Y13,AA13) -> 20116 | J13: =I13/$I$4 -> 0.021419223 | K13: =AVERAGE(O13,Q13,S13) -> 23315.667 | L13: =K13/$K$4 -> 0.019984663 | M13: 13437 | N13: =M13/$M$4 -> 0.022815296 | O13: 23595 | P13: =O13/$O$4 -> 0.02001909 | Q13: 24011 | R13: =Q13/$Q$4 -> 0.019930408 | S13: 22341 | T13: =S13/$S$4 -> 0.02000686 | U13: 17358 | V13: =U13/$U$4 -> 0.018322651 | W13: 18509 | X13: =W13/$W$4 -> 0.018647833 | Y13: 15530 | Z13: =Y13/$Y$4 -> 0.026397782 | AA13: 15103 | AB13: =AA13/$AA$4 -> 0.02486332 | AC13: 26505 | AD13: =AC13/$AC$4 -> 0.020451957 | AE13: 12590 | AF13: =AE13/$AE$4 -> 0.021794827 | AG13: 22892 | AH13: 14874 | AI13: 19440 | AJ13: 15287
A14: Coastal GA | B14: Mid-Large | C14: Savannah | D14: Chatham | E14: =AVERAGE(M14,O14,Q14,S14,U14,W14,Y14,AA14,AC14,AE14) -> 18257.1 | F14: =E14/$E$4 -> 0.020066584 | G14: =AVERAGE(M14,U14,W14,AC14,AE14) -> 16762.4 | H14: =G14/$G$4 -> 0.01903746 | I14: =AVERAGE(O14,Q14,S14,Y14,AA14) -> 19751.8 | J14: =I14/$I$4 -> 0.021031428 | K14: =AVERAGE(O14,Q14,S14) -> 25138.667 | L14: =K14/$K$4 -> 0.021547219 | M14: 10055 | N14: =M14/$M$4 -> 0.017072844 | O14: 25455 | P14: =O14/$O$4 -> 0.0215972 | Q14: 26113 | R14: =Q14/$Q$4 -> 0.02167518 | S14: 23848 | T14: =S14/$S$4 -> 0.021356412 | U14: 18680 | V14: =U14/$U$4 -> 0.01971812 | W14: 19461 | X14: =W14/$W$4 -> 0.019606974 | Y14: 11949 | Z14: =Y14/$Y$4 -> 0.020310824 | AA14: 11394 | AB14: =AA14/$AA$4 -> 0.018757377 | AC14: 30671 | AD14: =AC14/$AC$4 -> 0.023666552 | AE14: 4945 | AF14: =AE14/$AE$4 -> 0.0085603989 | AG14: 24415 | AH14: 16957 | AI14: 20970 | AJ14: 16663
A15: Greater Metro Atlanta | B15: Mid-Large | C15: Atlanta | D15: Coweta | E15: =AVERAGE(M15,O15,Q15,S15,U15,W15,Y15,AA15,AC15,AE15) -> 17804.8 | F15: =E15/$E$4 -> 0.019569456 | G15: =AVERAGE(M15,U15,W15,AC15,AE15) -> 16351 | H15: =G15/$G$4 -> 0.018570223 | I15: =AVERAGE(O15,Q15,S15,Y15,AA15) -> 19258.6 | J15: =I15/$I$4 -> 0.020506276 | K15: =AVERAGE(O15,Q15,S15) -> 25115.333 | L15: =K15/$K$4 -> 0.021527219 | M15: 11288 | N15: =M15/$M$4 -> 0.019166411 | O15: 25362 | P15: =O15/$O$4 -> 0.021518295 | Q15: 25974 | R15: =Q15/$Q$4 -> 0.021559803 | S15: 24010 | T15: =S15/$S$4 -> 0.021501486 | U15: 17274 | V15: =U15/$U$4 -> 0.018233983 | W15: 18333 | X15: =W15/$W$4 -> 0.018470513 | Y15: 10485 | Z15: =Y15/$Y$4 -> 0.017822327 | AA15: 10462 | AB15: =AA15/$AA$4 -> 0.017223072 | AC15: 25333 | AD15: =AC15/$AC$4 -> 0.019547611 | AE15: 9527 | AF15: =AE15/$AE$4 -> 0.0164924 | AG15: 25132 | AH15: 15981 | AI15: 21805 | AJ15: 17476
A16: Greater Metro Atlanta | B16: Mid-Large | C16: Atlanta | D16: Paulding | E16: =AVERAGE(M16,O16,Q16,S16,U16,W16,Y16,AA16,AC16,AE16) -> 17306.2 | F16: =E16/$E$4 -> 0.019021439 | G16: =AVERAGE(M16,U16,W16,AC16,AE16) -> 17064 | H16: =G16/$G$4 -> 0.019379995 | I16: =AVERAGE(O16,Q16,S16,Y16,AA16) -> 17548.4 | J16: =I16/$I$4 -> 0.01868528 | K16: =AVERAGE(O16,Q16,S16) -> 21474.667 | L16: =K16/$K$4 -> 0.018406678 | M16: 11562 | N16: =M16/$M$4 -> 0.019631648 | O16: 21629 | P16: =O16/$O$4 -> 0.018351045 | Q16: 22072 | R16: =Q16/$Q$4 -> 0.018320935 | S16: 20723 | T16: =S16/$S$4 -> 0.018557905 | U16: 19958 | V16: =U16/$U$4 -> 0.021067143 | W16: 21062 | X16: =W16/$W$4 -> 0.021219983 | Y16: 12117 | Z16: =Y16/$Y$4 -> 0.020596389 | AA16: 11201 | AB16: =AA16/$AA$4 -> 0.018439651 | AC16: 24177 | AD16: =AC16/$AC$4 -> 0.018655611 | AE16: 8561 | AF16: =AE16/$AE$4 -> 0.014820136 | AG16: 20367 | AH16: 13476 | AI16: 18040 | AJ16: 15362
A17: Greater Metro Atlanta | B17: Mid-Large | C17: Atlanta | D17: Henry | E17: =AVERAGE(M17,O17,Q17,S17,U17,W17,Y17,AA17,AC17,AE17) -> 17008.4 | F17: =E17/$E$4 -> 0.018694124 | G17: =AVERAGE(M17,U17,W17,AC17,AE17) -> 16701 | H17: =G17/$G$4 -> 0.018967727 | I17: =AVERAGE(O17,Q17,S17,Y17,AA17) -> 17315.8 | J17: =I17/$I$4 -> 0.018437611 | K17: =AVERAGE(O17,Q17,S17) -> 19646.667 | L17: =K17/$K$4 -> 0.016839836 | M17: 9196 | N17: =M17/$M$4 -> 0.015614308 | O17: 19697 | P17: =O17/$O$4 -> 0.016711846 | Q17: 20117 | R17: =Q17/$Q$4 -> 0.016698181 | S17: 19126 | T17: =S17/$S$4 -> 0.017127756 | U17: 17417 | V17: =U17/$U$4 -> 0.01838493 | W17: 18712 | X17: =W17/$W$4 -> 0.018852356 | Y17: 14637 | Z17: =Y17/$Y$4 -> 0.024879867 | AA17: 13002 | AB17: =AA17/$AA$4 -> 0.021404548 | AC17: 28289 | AD17: =AC17/$AC$4 -> 0.021828538 | AE17: 9891 | AF17: =AE17/$AE$4 -> 0.017122529 | AG17: 17423 | AH17: 11560 | AI17: 15922 | AJ17: 12865
... A97: S GA | B97: Very Small | C97: Savannah | D97: Tattnall | E97: =AVERAGE(M97,O97,Q97,S97,U97,W97,Y97,AA97,AC97,AE97) -> 2462.3 | F97: =E97/$E$4 -> 0.0027063417 | G97: =AVERAGE(M97,U97,W97,AC97,AE97) -> 2550 | H97: =G97/$G$4 -> 0.0028960962 | I97: =AVERAGE(O97,Q97,S97,Y97,AA97) -> 2374.6 | J97: =I97/$I$4 -> 0.0025284394 | K97: =AVERAGE(O97,Q97,S97) -> 2965.3333 | L97: =K97/$K$4 -> 0.0025416896 | M97: 1449 | N97: =M97/$M$4 -> 0.0024603233 | O97: 3014 | P97: =O97/$O$4 -> 0.0025572171 | Q97: 3059 | R97: =Q97/$Q$4 -> 0.0025391329 | S97: 2823 | T97: =S97/$S$4 -> 0.0025280589 | U97: 3350 | V97: =U97/$U$4 -> 0.0035361724 | W97: 3188 | X97: =W97/$W$4 -> 0.0032119127 | Y97: 1298 | Z97: =Y97/$Y$4 -> 0.002206331 | AA97: 1679 | AB97: =AA97/$AA$4 -> 0.0027640545 | AC97: 2558 | AD97: =AC97/$AC$4 -> 0.0019738203 | AE97: 2205 | AF97: =AE97/$AE$4 -> 0.0038171243 | AG97: 2875 | AH97: 1961 | AI97: 2318 | AJ97: 1638
A98: NW GA | B98: Very Small | C98: Chattanooga | D98: Dade | E98: =AVERAGE(M98,O98,Q98,S98,U98,W98,Y98,AA98,AC98,AE98) -> 2449.2 | F98: =E98/$E$4 -> 0.0026919433 | G98: =AVERAGE(M98,U98,W98,AC98,AE98) -> 2502.4 | H98: =G98/$G$4 -> 0.0028420358 | I98: =AVERAGE(O98,Q98,S98,Y98,AA98) -> 2396 | J98: =I98/$I$4 -> 0.0025512258 | K98: =AVERAGE(O98,Q98,S98) -> 2981.6667 | L98: =K98/$K$4 -> 0.0025556895 | M98: 1746 | N98: =M98/$M$4 -> 0.0029646131 | O98: 3069 | P98: =O98/$O$4 -> 0.0026038816 | Q98: 3169 | R98: =Q98/$Q$4 -> 0.0026304387 | S98: 2707 | T98: =S98/$S$4 -> 0.0024241784 | U98: 3070 | V98: =U98/$U$4 -> 0.0032406117 | W98: 2932 | X98: =W98/$W$4 -> 0.0029539925 | Y98: 1037 | Z98: =Y98/$Y$4 -> 0.0017626851 | AA98: 1998 | AB98: =AA98/$AA$4 -> 0.0032892083 | AC98: 2795 | AD98: =AC98/$AC$4 -> 0.0021566957 | AE98: 1969 | AF98: 0.06 | AG98: 3056 | AH98: 2050 | AI98: 2416 | AJ98: 1904
A99: S GA | B99: Very Small | C99: Columbus | D99: Sumter | E99: =AVERAGE(M99,O99,Q99,S99,U99,W99,Y99,AA99,AC99,AE99) -> 2422.1 | F99: =E99/$E$4 -> 0.0026621574 | G99: =AVERAGE(M99,U99,W99,AC99,AE99) -> 2513 | H99: =G99/$G$4 -> 0.0028540745 | I99: =AVERAGE(O99,Q99,S99,Y99,AA99) -> 2331.2 | J99: =I99/$I$4 -> 0.0024822277 | K99: =AVERAGE(O99,Q99,S99) -> 2842.6667 | L99: =K99/$K$4 -> 0.0024365478 | M99: 1356 | N99: =M99/$M$4 -> 0.0023024143 | O99: 2918 | P99: =O99/$O$4 -> 0.0024757663 | Q99: 2946 | R99: =Q99/$Q$4 -> 0.0024453368 | S99: 2664 | T99: =S99/$S$4 -> 0.0023856709 | U99: 2449 | V99: =U99/$U$4 -> 0.0025851004 | W99: 2495 | X99: =W99/$W$4 -> 0.0025137146 | Y99: 1332 | Z99: =Y99/$Y$4 -> 0.002264124 | AA99: 1796 | AB99: =AA99/$AA$4 -> 0.0029566657 | AC99: 3010 | AD99: =AC99/$AC$4 -> 0.0023225954 | AE99: 3255 | AF99: =AE99/$AE$4 -> 0.0056348025 | AG99: 2771 | AH99: 1878 | AI99: 2251 | AJ99: 1460
A100: Middle GA | B100: Very Small | C100: Atlanta | D100: Lamar | E100: =AVERAGE(M100,O100,Q100,S100,U100,W100,Y100,AA100,AC100,AE100) -> 2406.4 | F100: =E100/$E$4 -> 0.0026449013 | G100: =AVERAGE(M100,U100,W100,AC100,AE100) -> 2240.6 | H100: =G100/$G$4 -> 0.0025447032 | I100: =AVERAGE(O100,Q100,S100,Y100,AA100) -> 2572.2 | J100: =I100/$I$4 -> 0.0027388409 | K100: =AVERAGE(O100,Q100,S100) -> 3226.6667 | L100: =K100/$K$4 -> 0.0027656874 | M100: 1684 | N100: =M100/$M$4 -> 0.0028593405 | O100: 3222 | P100: =O100/$O$4 -> 0.0027336939 | Q100: 3295 | R100: =Q100/$Q$4 -> 0.0027350254 | S100: 3163 | T100: =S100/$S$4 -> 0.0028325365 | U100: 2490 | V100: =U100/$U$4 -> 0.0026283789 | W100: 2645 | X100: =W100/$W$4 -> 0.0026648397 | Y100: 1645 | Z100: =Y100/$Y$4 -> 0.0027961591 | AA100: 1536 | AB100: =AA100/$AA$4 -> 0.0025286406 | AC100: 3075 | AD100: =AC100/$AC$4 -> 0.0023727511 | AE100: 1309 | AF100: =AE100/$AE$4 -> 0.0022660388 | AG100: 3272 | AH100: 2136 | AI100: 2829 | AJ100: 2188
A101: Middle GA | B101: Very Small | C101: Augusta | D101: McDuffie | E101: =AVERAGE(M101,O101,Q101,S101,U101,W101,Y101,AA101,AC101,AE101) -> 2391.9 | F101: =E101/$E$4 -> 0.0026289642 | G101: =AVERAGE(M101,U101,W101,AC101,AE101) -> 2377 | H101: =G101/$G$4 -> 0.002699616 | I101: =AVERAGE(O101,Q101,S101,Y101,AA101) -> 2406.8 | J101: =I101/$I$4 -> 0.0025627254 | K101: =AVERAGE(O101,Q101,S101) -> 3021.6667 | L101: =K101/$K$4 -> 0.0025899748 | M101: 1748 | N101: =M101/$M$4 -> 0.002968009 | O101: 3048 | P101: =O101/$O$4 -> 0.0025860643 | Q101: 3074 | R101: =Q101/$Q$4 -> 0.0025515837 | S101: 2943 | T101: =S101/$S$4 -> 0.0026355216 | U101: 2068 | V101: =U101/$U$4 -> 0.0021829267 | W101: 2454 | X101: =W101/$W$4 -> 0.0024724071 | Y101: 1528 | Z101: =Y101/$Y$4 -> 0.0025972834 | AA101: 1441 | AB101: =AA101/$AA$4 -> 0.0023722469 | AC101: 3168 | AD101: =AC101/$AC$4 -> 0.0024445123 | AE101: 2447 | AF101: =AE101/$AE$4 -> 0.0042360558 | AG101: 2962 | AH101: 2029 | AI101: 2507 | AJ101: 1856
A102: Macon Metro | B102: Very Small | C102: Macon | D102: Peach | E102: =AVERAGE(M102,O102,Q102,S102,U102,W102,Y102,AA102,AC102,AE102) -> 2202.1 | F102: =E102/$E$4 -> 0.0024203529 | G102: =AVERAGE(M102,U102,W102,AC102,AE102) -> 2024 | H102: =G102/$G$4 -> 0.0022987054 | I102: =AVERAGE(O102,Q102,S102,Y102,AA102) -> 2380.2 | J102: =I102/$I$4 -> 0.0025344022 | K102: =AVERAGE(O102,Q102,S102) -> 2990.3333 | L102: =K102/$K$4 -> 0.002563118 | M102: 1542 | N102: =M102/$M$4 -> 0.0026182322 | O102: 3022 | P102: =O102/$O$4 -> 0.0025640047 | Q102: 3066 | R102: =Q102/$Q$4 -> 0.0025449432 | S102: 2883 | T102: =S102/$S$4 -> 0.0025817903 | U102: 2068 | V102: =U102/$U$4 -> 0.0021829267 | W102: 2240 | X102: =W102/$W$4 -> 0.0022568019 | Y102: 1477 | Z102: =Y102/$Y$4 -> 0.002510594 | AA102: 1453 | AB102: =AA102/$AA$4 -> 0.0023920019 | AC102: 3052 | AD102: =AC102/$AC$4 -> 0.0023550037 | AE102: 1218 | AF102: =AE102/$AE$4 -> 0.0021085067 | AG102: 2936 | AH102: 1954 | AI102: 2601 | AJ102: 1982
A103: Middle GA | B103: Very Small | C103: Atlanta | D103: Jasper | E103: =AVERAGE(M103,O103,Q103,S103,U103,W103,Y103,AA103,AC103,AE103) -> 2193.8 | F103: =E103/$E$4 -> 0.0024112303 | G103: =AVERAGE(M103,U103,W103,AC103,AE103) -> 2043.6 | H103: =G103/$G$4 -> 0.0023209656 | I103: =AVERAGE(O103,Q103,S103,Y103,AA103) -> 2344 | J103: =I103/$I$4 -> 0.0024958569 | K103: =AVERAGE(O103,Q103,S103) -> 2954 | L103: =K103/$K$4 -> 0.0025319754 | M103: 1847 | N103: =M103/$M$4 -> 0.0031361056 | O103: 2946 | P103: =O103/$O$4 -> 0.0024995227 | Q103: 2982 | R103: =Q103/$Q$4 -> 0.0024752188 | S103: 2934 | T103: =S103/$S$4 -> 0.0026274619 | U103: 2289 | V103: =U103/$U$4 -> 0.0024162085 | W103: 2436 | X103: =W103/$W$4 -> 0.0024542721 | Y103: 1502 | Z103: =Y103/$Y$4 -> 0.0025530888 | AA103: 1356 | AB103: =AA103/$AA$4 -> 0.0022323156 | AC103: 2499 | AD103: =AC103/$AC$4 -> 0.0019282943 | AE103: 1147 | AF103: =AE103/$AE$4 -> 0.0019855971 | AG103: 3079 | AH103: 2020 | AI103: 2681 | AJ103: 2149
A104: S GA | B104: Very Small | C104: Albany | D104: Crisp | E104: =AVERAGE(M104,O104,Q104,S104,U104,W104,Y104,AA104,AC104,AE104) -> 2181.5 | F104: =E104/$E$4 -> 0.0023977112 | G104: =AVERAGE(M104,U104,W104,AC104,AE104) -> 2291.6 | H104: =G104/$G$4 -> 0.0026026252 | I104: =AVERAGE(O104,Q104,S104,Y104,AA104) -> 2071.4 | J104: =I104/$I$4 -> 0.0022055964 | K104: =AVERAGE(O104,Q104,S104) -> 2665 | L104: =K104/$K$4 -> 0.0022842635 | M104: 1203 | N104: =M104/$M$4 -> 0.0020426286 | O104: 2723 | P104: =O104/$O$4 -> 0.0023103192 | Q104: 2742 | R104: =Q104/$Q$4 -> 0.002276006 | S104: 2530 | T104: =S104/$S$4 -> 0.002265671 | U104: 2685 | V104: =U104/$U$4 -> 0.0028342158 | W104: 2796 | X104: =W104/$W$4 -> 0.0028169724 | Y104: 1188 | Z104: =Y104/$Y$4 -> 0.0020193538 | AA104: 1174 | AB104: =AA104/$AA$4 -> 0.001932698 | AC104: 2399 | AD104: =AC104/$AC$4 -> 0.0018511317 | AE104: 2375 | AF104: =AE104/$AE$4 -> 0.004111415 | AG104: 2565 | AH104: 1757 | AI104: 2286 | AJ104: 1717
A105: S GA | B105: Very Small | C105: Tallahassee, FL | D105: Decatur | E105: =AVERAGE(M105,O105,Q105,S105,U105,W105,Y105,AA105,AC105,AE105) -> 1998.3 | F105: =E105/$E$4 -> 0.002196354 | G105: =AVERAGE(M105,U105,W105,AC105,AE105) -> 1703.6 | H105: =G105/$G$4 -> 0.0019348194 | I105: =AVERAGE(O105,Q105,S105,Y105,AA105) -> 2293 | J105: =I105/$I$4 -> 0.0024415529 | K105: =AVERAGE(O105,Q105,S105) -> 2968.6667 | L105: =K105/$K$4 -> 0.0025445467 | M105: 1508 | N105: =M105/$M$4 -> 0.002560502 | O105: 3044 | P105: =O105/$O$4 -> 0.0025826705 | Q105: 3088 | R105: =Q105/$Q$4 -> 0.0025632044 | S105: 2774 | T105: =S105/$S$4 -> 0.0024841784 | U105: 1497 | V105: =U105/$U$4 -> 0.0015801941 | W105: 1538 | X105: =W105/$W$4 -> 0.0015495363 | Y105: 1451 | Z105: =Y105/$Y$4 -> 0.0024663993 | AA105: 1108 | AB105: =AA105/$AA$4 -> 0.0018240455 | AC105: 3161 | AD105: =AC105/$AC$4 -> 0.002439111 | AE105: 814 | AF105: =AE105/$AE$4 -> 0.0014091334 | AG105: 2939 | AH105: 2005 | AI105: 2551 | AJ105: 1850
A106: Coastal GA | B106: Very Small | C106: Savannah | D106: Liberty | E106: =AVERAGE(M106,O106,Q106,S106,U106,W106,Y106,AA106,AC106,AE106) -> 1989.7 | F106: =E106/$E$4 -> 0.0021869017 | G106: =AVERAGE(M106,U106,W106,AC106,AE106) -> 1626.2 | H106: =G106/$G$4 -> 0.0018469144 | I106: =AVERAGE(O106,Q106,S106,Y106,AA106) -> 2353.2 | J106: =I106/$I$4 -> 0.0025056529 | K106: =AVERAGE(O106,Q106,S106) -> 2884 | L106: =K106/$K$4 -> 0.002471976 | M106: 1450 | N106: =M106/$M$4 -> 0.0024620212 | O106: 2908 | P106: =O106/$O$4 -> 0.0024672818 | Q106: 2976 | R106: =Q106/$Q$4 -> 0.0024702384 | S106: 2768 | T106: =S106/$S$4 -> 0.0024788052 | U106: 1606 | V106: =U106/$U$4 -> 0.0016952516 | W106: 1706 | X106: =W106/$W$4 -> 0.0017187964 | Y106: 1297 | Z106: =Y106/$Y$4 -> 0.0022046313 | AA106: 1817 | AB106: =AA106/$AA$4 -> 0.002991237 | AC106: 2907 | AD106: =AC106/$AC$4 -> 0.0022431179 | AE106: 462 | AF106: =AE106/$AE$4 -> 0.00079977842 | AG106: 2808 | AH106: 2015 | AI106: 2379 | AJ106: 1861
A107: Middle GA | B107: Very Small | C107: Macon | D107: Bleckley | E107: =AVERAGE(M107,O107,Q107,S107,U107,W107,Y107,AA107,AC107,AE107) -> 1943.8 | F107: =E107/$E$4 -> 0.0021364525 | G107: =AVERAGE(M107,U107,W107,AC107,AE107) -> 1828.2 | H107: =G107/$G$4 -> 0.0020763306 | I107: =AVERAGE(O107,Q107,S107,Y107,AA107) -> 2059.4 | J107: =I107/$I$4 -> 0.002192819 | K107: =AVERAGE(O107,Q107,S107) -> 2506.6667 | L107: =K107/$K$4 -> 0.0021485506 | M107: 1064 | N107: =M107/$M$4 -> 0.0018066142 | O107: 2537 | P107: =O107/$O$4 -> 0.0021525082 | Q107: 2563 | R107: =Q107/$Q$4 -> 0.0021274265 | S107: 2420 | T107: =S107/$S$4 -> 0.0021671635 | U107: 1684 | V107: =U107/$U$4 -> 0.0017775864 | W107: 1756 | X107: =W107/$W$4 -> 0.0017691715 | Y107: 1164 | Z107: =Y107/$Y$4 -> 0.0019785588 | AA107: 1613 | AB107: =AA107/$AA$4 -> 0.0026554019 | AC107: 2144 | AD107: =AC107/$AC$4 -> 0.0016543669 | AE107: 2493 | AF107: =AE107/$AE$4 -> 0.0043156874 | AG107: 2426 | AH107: 1576 | AI107: 1990 | AJ107: 1406
A108: Coastal GA | B108: Very Small | C108: Savannah | D108: McIntosh | E108: =AVERAGE(M108,O108,Q108,S108,U108,W108,Y108,AA108,AC108,AE108) -> 1888.3 | F108: =E108/$E$4 -> 0.0020754518 | G108: =AVERAGE(M108,U108,W108,AC108,AE108) -> 1854.6 | H108: =G108/$G$4 -> 0.0021063138 | I108: =AVERAGE(O108,Q108,S108,Y108,AA108) -> 1922 | J108: =I108/$I$4 -> 0.0020465175 | K108: =AVERAGE(O108,Q108,S108) -> 2470 | L108: =K108/$K$4 -> 0.0021171223 | M108: 1308 | N108: =M108/$M$4 -> 0.0022209129 | O108: 2508 | P108: =O108/$O$4 -> 0.0021279033 | Q108: 2567 | R108: =Q108/$Q$4 -> 0.0021307467 | S108: 2335 | T108: =S108/$S$4 -> 0.0020910442 | U108: 2098 | V108: =U108/$U$4 -> 0.0022145939 | W108: 2144 | X108: =W108/$W$4 -> 0.0021600818 | Y108: 1040 | Z108: =Y108/$Y$4 -> 0.0017677845 | AA108: 1160 | AB108: =AA108/$AA$4 -> 0.0019096505 | AC108: 1999 | AD108: =AC108/$AC$4 -> 0.0015424811 | AE108: 1724 | AF108: =AE108/$AE$4 -> 0.0029844545 | AG108: 1842 | AH108: 1359 | AI108: 1606 | AJ108: 1196
A109: S GA | B109: Very Small | C109: Albany | D109: Mitchell | E109: =AVERAGE(M109,O109,Q109,S109,U109,W109,Y109,AA109,AC109,AE109) -> 1882 | F109: =E109/$E$4 -> 0.0020685274 | G109: =AVERAGE(M109,U109,W109,AC109,AE109) -> 1795.6 | H109: =G109/$G$4 -> 0.002039306 | I109: =AVERAGE(O109,Q109,S109,Y109,AA109) -> 1968.4 | J109: =I109/$I$4 -> 0.0020959235 | K109: =AVERAGE(O109,Q109,S109) -> 2562.6667 | L109: =K109/$K$4 -> 0.0021965501 | M109: 1218 | N109: =M109/$M$4 -> 0.0020680978 | O109: 2597 | P109: =O109/$O$4 -> 0.002203415 | Q109: 2615 | R109: =Q109/$Q$4 -> 0.0021705892 | S109: 2476 | T109: =S109/$S$4 -> 0.0022173128 | U109: 2137 | V109: =U109/$U$4 -> 0.0022557613 | W109: 2191 | X109: =W109/$W$4 -> 0.0022074343 | Y109: 1125 | Z109: =Y109/$Y$4 -> 0.0019122669 | AA109: 1029 | AB109: =AA109/$AA$4 -> 0.0016939917 | AC109: 2279 | AD109: =AC109/$AC$4 -> 0.0017585365 | AE109: 1153 | AF109: =AE109/$AE$4 -> 0.0019959838 | AG109: 2330 | AH109: 1602 | AI109: 1976 | AJ109: 1436
A110: S GA | B110: Very Small | C110: Savannah | D110: Jeff Davis | E110: =AVERAGE(M110,O110,Q110,S110,U110,W110,Y110,AA110,AC110,AE110) -> 1837.9 | F110: =E110/$E$4 -> 0.0020200566 | G110: =AVERAGE(M110,U110,W110,AC110,AE110) -> 2054.2 | H110: =G110/$G$4 -> 0.0023330043 | I110: =AVERAGE(O110,Q110,S110,Y110,AA110) -> 1621.6 | J110: =I110/$I$4 -> 0.001726656 | K110: =AVERAGE(O110,Q110,S110) -> 2071.3333 | L110: =K110/$K$4 -> 0.0017754113 | M110: 1095 | N110: =M110/$M$4 -> 0.0018592505 | O110: 2098 | P110: =O110/$O$4 -> 0.0017800403 | Q110: 2147 | R110: =Q110/$Q$4 -> 0.0017821243 | S110: 1969 | T110: =S110/$S$4 -> 0.0017632831 | U110: 2579 | V110: =U110/$U$4 -> 0.002722325 | W110: 2401 | X110: =W110/$W$4 -> 0.0024190095 | Y110: 862 | Z110: =Y110/$Y$4 -> 0.0014652214 | AA110: 1032 | AB110: =AA110/$AA$4 -> 0.0016989304 | AC110: 2287 | AD110: =AC110/$AC$4 -> 0.0017647095 | AE110: 1909 | AF110: =AE110/$AE$4 -> 0.0033047121 | AG110: 2036 | AH110: 1390 | AI110: 1621 | AJ110: 1080
... A164: Middle GA | B164: Micro | C164: Augusta | D164: Taliaferro | E164: =AVERAGE(M164,O164,Q164,S164,U164,W164,Y164,AA164,AC164,AE164) -> 125.8 | F164: =E164/$E$4 -> 0.0001382682 | G164: =AVERAGE(M164,U164,W164,AC164,AE164) -> 104.2 | H164: =G164/$G$4 -> 0.00011834244 | I164: =AVERAGE(O164,Q164,S164,Y164,AA164) -> 147.4 | J164: =I164/$I$4 -> 0.00015694936 | K164: =AVERAGE(O164,Q164,S164) -> 212 | L164: =K164/$K$4 -> 0.00018171252 | M164: 115 | N164: =M164/$M$4 -> 0.00019526375 | O164: 214 | P164: =O164/$O$4 -> 0.0001815675 | Q164: 220 | R164: =Q164/$Q$4 -> 0.00018261171 | S164: 202 | T164: =S164/$S$4 -> 0.00018089547 | U164: 90 | V164: =U164/$U$4 -> 9.5001647e-05 | W164: 98 | X164: =W164/$W$4 -> 9.8735083e-05 | Y164: 59 | Z164: =Y164/$Y$4 -> 0.00010028777 | AA164: 42 | AB164: =AA164/$AA$4 -> 6.9142518e-05 | AC164: 197 | AD164: =AC164/$AC$4 -> 0.0001520104 | AE164: 21 | AF164: =AE164/$AE$4 -> 3.6353564e-05 | AG164: 215 | AH164: 147 | AI164: 177 | AJ164: 123

Sheet Yr By Yr
C1: 2024 President | J1: 2022 US Senate | Q1: 2022 Governor | X1: 2022 Lt. Governor | AE1: 2020 President | AF1: 2020 US Senate | AG1: 2018 Governor Run Off | AL1: 2018 Governor Initial | AU1: 2016 Pres Preference | BD1: 2016 US Sen
A3: DMA | B3: County | C3: Trump | D3: Trump % | E3: Haley | F3: Haley % | G3: Other | H3: Other % | I3: Total | J3: Herschel Walker | K3: Walker % | L3: Gary Black | M3: Black % | N3: Other | O3: Other % | P3: Total | Q3: Brian Kemp | R3: Kemp % | S3: David Perdue | T3: Perdue % | U3: Other | V3: Other % | W3: Total | X3: Burt Jones | Y3: Jones % | Z3: Butch Miller | AA3: Miller % | AB3: Other | AC3: Other % | AD3: Total | AE3: Trump Total | AF3: Perdue Total | AG3: Brian Kemp | AH3: Kemp % | AI3: Casey Cagle | AJ3: Cagle % | AK3: Total | AL3: Casey Cagle | AM3: Cagle % | AN3: Brian Kemp | AO3: Kemp % | AP3: Hunter Hill | AQ3: Hill % | AR3: Other | AS3: Other % | AT3: Total | AU3: Trump | AV3: Trump % | AW3: Rubio | AX3: Rubio % | AY3: Cruz | AZ3: Cruz % | BA3: Other | BB3: Other % | BC3: Total | BD3: Johnny Isakson | BE3: Isakson % | BF3: Other | BG3: Other % | BH3: Total
A4: Savanna | B4: Appling | C4: 1791 | E4: 99 | G4: 12 | I4: 1902 | J4: 2879 | L4: 612 | N4: 212 | P4: 3703 | Q4: 2167 | S4: 792 | U4: 822 | W4: 3781 | X4: 1856 | Z4: 976 | AB4: 612 | AD4: 3444 | AE4: 3238 | AF4: 3348 | AG4: 1217 | AI4: 293 | AK4: 1510 | AL4: 440 | AN4: 627 | AP4: 627 | AR4: 222 | AT4: 1916 | AU4: 1291 | AW4: 462 | AY4: 914 | BA4: 446 | BC4: 3113 | BD4: 3061 | BF4: 1001 | BH4: 4062
A5: Albany | B5: Atkinson | C5: 464 | E5: 9 | G5: 4 | I5: 477 | J5: 732 | L5: 171 | N5: 73 | P5: 976 | Q5: 588 | S5: 323 | U5: 86 | W5: 997 | X5: 472 | Z5: 245 | AB5: 186 | AD5: 903 | AE5: 1361 | AF5: 1228 | AG5: 389 | AI5: 150 | AK5: 539 | AL5: 178 | AN5: 103 | AP5: 105 | AR5: 79 | AT5: 465 | AU5: 622 | AW5: 73 | AY5: 183 | BA5: 67 | BC5: 945 | BD5: 82 | BF5: 33 | BH5: 115
A6: Savanna | B6: Bacon | C6: 1043 | E6: 57 | G6: 13 | I6: 1113 | J6: 1735 | L6: 397 | N6: 180 | P6: 2312 | Q6: 1295 | S6: 650 | U6: 443 | W6: 2388 | X6: 960 | Z6: 608 | AB6: 504 | AD6: 2072 | AE6: 2310 | AF6: 2214 | AG6: 569 | AI6: 190 | AK6: 759 | AL6: 224 | AN6: 315 | AP6: 147 | AR6: 145 | AT6: 831 | AU6: 904 | AW6: 246 | AY6: 341 | BA6: 189 | BC6: 1680 | BD6: 1514 | BF6: 588 | BH6: 2102
A7: Albany | B7: Baker | C7: 241 | E7: 13 | G7: 1 | I7: 255 | J7: 271 | L7: 183 | N7: 20 | P7: 474 | Q7: 347 | S7: 107 | U7: 26 | W7: 480 | X7: 203 | Z7: 148 | AB7: 75 | AD7: 426 | AE7: 65 | AF7: 64 | AG7: 195 | AI7: 70 | AK7: 265 | AL7: 81 | AN7: 61 | AP7: 36 | AR7: 26 | AT7: 204 | AU7: 262 | AW7: 42 | AY7: 87 | BA7: 44 | BC7: 435 | BD7: 9 | BF7: 7 | BH7: 16
A8: Macon | B8: Baldwin | C8: 2135 | E8: 244 | G8: 40 | I8: 2419 | J8: 3779 | L8: 569 | N8: 408 | P8: 4756 | Q8: 3731 | S8: 907 | U8: 182 | W8: 4820 | X8: 3420 | Z8: 800 | AB8: 402 | AD8: 4622 | AE8: 3587 | AF8: 3779 | AG8: 1954 | AI8: 672 | AK8: 2626 | AL8: 872 | AN8: 707 | AP8: 427 | AR8: 343 | AT8: 2349 | AU8: 2070 | AW8: 962 | AY8: 883 | BA8: 612 | BC8: 4527 | BD8: 2656 | BF8: 454 | BH8: 3110
A9: Atlanta | B9: Banks | C9: 1781 | E9: 79 | G9: 28 | I9: 1888 | J9: 2190 | L9: 1079 | N9: 446 | P9: 3715 | Q9: 2480 | S9: 1080 | U9: 182 | W9: 3742 | X9: 1737 | Z9: 1541 | AB9: 337 | AD9: 3615 | AE9: 3622 | AF9: 3625 | AG9: 1485 | AI9: 645 | AK9: 2130 | AL9: 1091 | AN9: 791 | AP9: 247 | AR9: 322 | AT9: 2451 | AU9: 1809 | AW9: 444 | AY9: 1050 | BA9: 397 | BC9: 3700 | BD9: 2161 | BF9: 647 | BH9: 2808
A10: Atlanta | B10: Barrow | C10: 4882 | E10: 451 | G10: 111 | I10: 5444 | J10: 7327 | L10: 1572 | N10: 2584 | P10: 11483 | Q10: 8891 | S10: 2375 | U10: 396 | W10: 11662 | X10: 5248 | Z10: 4130 | AB10: 1721 | AD10: 11099 | AE10: 8476 | AF10: 9064 | AG10: 4492 | AI10: 1129 | AK10: 5621 | AL10: 1731 | AN10: 1706 | AP10: 715 | AR10: 940 | AT10: 5092 | AU10: 4656 | AW10: 2050 | AY10: 3471 | BA10: 1244 | BC10: 11421 | BD10: 3923 | BF10: 1057 | BH10: 4980
A11: Atlanta | B11: Bartow | C11: 7527 | E11: 563 | G11: 162 | I11: 8252 | J11: 11139 | L11: 1755 | N11: 3163 | P11: 16057 | Q11: 12477 | S11: 3289 | U11: 630 | W11: 16396 | X11: 8107 | Z11: 5027 | AB11: 2328 | AD11: 15462 | AE11: 14559 | AF11: 14762 | AG11: 6031 | AI11: 1473 | AK11: 7504 | AL11: 2664 | AN11: 2040 | AP11: 957 | AR11: 1152 | AT11: 6813 | AU11: 8297 | AW11: 3262 | AY11: 4518 | BA11: 1900 | BC11: 17977 | BD11: 6947 | BF11: 2321 | BH11: 9268
A12: Albany | B12: Ben Hill | C12: 1075 | E12: 70 | G12: 23 | I12: 1168 | J12: 1436 | L12: 288 | N12: 145 | P12: 1869 | Q12: 1222 | S12: 483 | U12: 179 | W12: 1884 | X12: 1027 | Z12: 403 | AB12: 351 | AD12: 1781 | AE12: 1529 | AF12: 1636 | AG12: 542 | AI12: 281 | AK12: 823 | AL12: 414 | AN12: 213 | AP12: 200 | AR12: 132 | AT12: 959 | AU12: 1025 | AW12: 196 | AY12: 317 | BA12: 296 | BC12: 1834 | BD12: 900 | BF12: 288 | BH12: 1188
A13: Albany | B13: Berrien | C13: 1489 | E13: 61 | G13: 22 | I13: 1572 | J13: 2304 | L13: 725 | N13: 251 | P13: 3280 | Q13: 2023 | S13: 944 | U13: 354 | W13: 3321 | X13: 1538 | Z13: 852 | AB13: 700 | AD13: 3090 | AE13: 3014 | AF13: 3117 | AG13: 1219 | AI13: 270 | AK13: 1489 | AL13: 467 | AN13: 744 | AP13: 366 | AR13: 199 | AT13: 1776 | AU13: 1568 | AW13: 242 | AY13: 720 | BA13: 310 | BC13: 2840 | BD13: 1529 | BF13: 449 | BH13: 1978
A14: Macon | B14: Bibb | C14: 5063 | E14: 637 | G14: 149 | I14: 5849 | J14: 10014 | L14: 2041 | N14: 1348 | P14: 13403 | Q14: 10663 | S14: 2503 | U14: 458 | W14: 13624 | X14: 7502 | Z14: 3516 | AB14: 1698 | AD14: 12716 | AE14: 11137 | AF14: 11479 | AG14: 5758 | AI14: 2728 | AK14: 8486 | AL14: 3024 | AN14: 2258 | AP14: 1193 | AR14: 2080 | AT14: 8555 | AU14: 5962 | AW14: 3531 | AY14: 3405 | BA14: 2481 | BC14: 15379 | BD14: 1380 | BF14: 340 | BH14: 1720
A15: Macon | B15: Bleckley | C15: 961 | E15: 81 | G15: 22 | I15: 1064 | J15: 1914 | L15: 508 | N15: 115 | P15: 2537 | Q15: 1952 | S15: 476 | U15: 135 | W15: 2563 | X15: 1583 | Z15: 549 | AB15: 288 | AD15: 2420 | AE15: 1684 | AF15: 1756 | AG15: 904 | AI15: 260 | AK15: 1164 | AL15: 465 | AN15: 560 | AP15: 230 | AR15: 358 | AT15: 1613 | AU15: 935 | AW15: 412 | AY15: 534 | BA15: 263 | BC15: 2144 | BD15: 2077 | BF15: 416 | BH15: 2493
... A162: Albany | B162: Worth | C162: 1874 | E162: 74 | G162: 16 | I162: 1964 | J162: 2399 | L162: 538 | N162: 225 | P162: 3162 | Q162: 2120 | S162: 836 | U162: 237 | W162: 3193 | X162: 1704 | Z162: 782 | AB162: 548 | AD162: 3034 | AE162: 3496 | AF162: 3617 | AG162: 1074 | AI162: 552 | AK162: 1626 | AL162: 985 | AN162: 398 | AP162: 515 | AR162: 271 | AT162: 2169 | AU162: 1895 | AW162: 325 | AY162: 834 | BA162: 377 | BC162: 3431 | BD162: 2248 | BF162: 491 | BH162: 2739

Sheet VoteMethod
C2: 2024 Pres | E2: 2022 US Sen | G2: 2022 Gov | I2: 2022 Lt Gov | K2: 2020 Pres | M2: 2020 US Sen | O2: 2018 Gov Run Off | Q2: 2018 Gov Initial | S2: 2016 Pres | U2: 2016 US Sen
C3: Total | D3: % of Vote | E3: Total | F3: % of Vote | G3: Total | H3: % of Vote | I3: Total | J3: % of Vote | K3: Total | L3: % of Vote | M3: Total | N3: % of Vote | O3: Total | P3: % of Vote | Q3: Total | R3: % of Vote | S3: Total | T3: % of Vote | U3: Total | V3: % of Vote
A4: Absentee VBM | C4: 58608 | D4: =C4/C9 -> 0.03333667 | E4: 35894 | F4: =E4/E9 -> 0.030454131 | G4: 36926 | H4: =G4/G9 -> 0.030650546 | I4: 34172 | J4: =I4/I9 -> 0.030601782 | K4: 454156 | L4: =K4/K9 -> 0.4793952 | M4: 485894 | N4: =M4/M9 -> 0.48953862 | O4: 17472 | P4: =O4/O9 -> 0.02969878 | Q4: 14795 | R4: =Q4/Q9 -> 0.024356275 | S4: 24185 | T4: =S4/S9 -> 0.018661784 | U4: 20103 | V4: =U4/U9 -> 0.034800748
A5: Advance Voting | C5: 827256 | D5: =C5/C9 -> 0.47054942 | E5: 444038 | F5: =E5/E9 -> 0.37674239 | G5: 452807 | H5: =G5/G9 -> 0.37585392 | I5: 424782 | J5: =I5/I9 -> 0.38040168 | K5: 127972 | L5: =K5/K9 -> 0.1350839 | M5: 145277 | N5: =M5/M9 -> 0.1463667 | O5: 147645 | P5: =O5/O9 -> 0.25096591 | Q5: 153264 | R5: =Q5/Q9 -> 0.25231092 | S5: 243228 | T5: =S5/S9 -> 0.18768114 | U5: 175247 | V5: =U5/U9 -> 0.30337396
A6: Election Day | C6: 870850 | D6: =C6/C9 -> 0.49534602 | E6: 697626 | F6: =E6/E9 -> 0.59189819 | G6: 713907 | H6: =G6/G9 -> 0.59258082 | I6: 656722 | J6: =I6/I9 -> 0.58810908 | K6: 363288 | L6: =K6/K9 -> 0.38347731 | M6: 359106 | N6: =M6/M9 -> 0.3617996 | O6: 420540 | P6: =O6/O9 -> 0.71483086 | Q6: 438574 | R6: =Q6/Q9 -> 0.72200263 | S6: 1025481 | T6: =S6/S9 -> 0.79128818 | U6: 381921 | V6: =U6/U9 -> 0.66115189
A7: Provisional | C7: 1350 | D7: =C7/C9 -> 0.00076789013 | E7: 1067 | F7: =E7/E9 -> 0.00090529218 | G7: 1102 | H7: =G7/G9 -> 0.00091471867 | I7: 991 | J7: =I7/I9 -> 0.00088746242 | K7: 1936 | L7: =K7/K9 -> 0.002043591 | M7: 2278 | N7: =M7/M9 -> 0.0022950869 | O7: 2650 | P7: =O7/O9 -> 0.0045044509 | Q7: 808 | R7: =Q7/Q9 -> 0.0013301703 | S7: 3070 | T7: =S7/S9 -> 0.002368893 | U7: 389 | V7: =U7/U9 -> 0.0006734065
A9: Total | C9: =SUM(C4:C7) -> 1758064 | D9: =C9/C9 -> 1 | E9: 1178625 | F9: =SUM(F4:F8) -> 1 | G9: 1204742 | H9: =SUM(H4:H8) -> 1 | I9: 1116667 | J9: =SUM(J4:J7) -> 1 | K9: =SUM(K4:K7) -> 947352 | L9: =K9/K9 -> 1 | M9: =SUM(M4:M8) -> 992555 | N9: =M9/M9 -> 1 | O9: =SUM(O4:O8) -> 588307 | P9: =O9/O9 -> 1 | Q9: =SUM(Q4:Q8) -> 607441 | R9: =Q9/Q9 -> 1 | S9: =SUM(S4:S8) -> 1295964 | T9: =S9/S9 -> 1 | U9: =SUM(U4:U8) -> 577660 | V9: =U9/U9 -> 1

Sheet FORSORTING
A1: Custom Geo I | B1: Custom Geo II | C1: DMA | D1: County | E1: Average | F1: Avg % | G1: Pres Yr Avg | H1: Pres Yr Avg % | I1: Off Yr Avg | J1: Off Yr Avg % | K1: 2022 Avg | L1: 2022 Avg % | M1: Total | N1: % Cont. | O1: Total | P1: % Cont. | Q1: Total | R1: % Cont. | S1: Total | T1: % Cont. | U1: Trump Total | V1: % Cont. | W1: Perdue Total | X1: % Cont. | Y1: Total | Z1: % Cont. | AA1: Total | AB1: % Cont. | AC1: Total | AD1: % Cont. | AE1: Total | AF1: % Cont. | AG1: Individuals | AH1: Mailing Addresses | AI1: Total Phones (LL + Cell) | AJ1: Cells
A2: Metro Atlanta | B2: Mega | C2: Atlanta | D2: Cobb | E2: =AVERAGE(M2,O2,Q2,S2,U2,W2,Y2,AA2,AC2,AE2) -> 67850.6 | F2: =E2/$E$4 -> 1.4373818 | G2: =AVERAGE(M2,U2,W2,AC2,AE2) -> 63917 | H2: =G2/$G$4 -> 1.573543 | I2: =AVERAGE(O2,Q2,S2,Y2,AA2) -> 71784.2 | J2: =I2/$I$4 -> 1.3345566 | K2: =AVERAGE(O2,Q2,S2) -> 89225 | L2: =K2/$K$4 -> 1.3470771 | M2: 39947 | N2: =M2/$M$4 -> 1.4579197 | O2: 90018 | P2: =O2/$O$4 -> 1.3420499 | Q2: 92923 | R2: =Q2/$Q$4 -> 1.3313514 | S2: 84734 | T2: =S2/$S$4 -> 1.3702799 | U2: 63696 | V2: =U2/$U$4 -> 1.8811022 | W2: 67252 | X2: =W2/$W$4 -> 1.7896165 | Y2: 49527 | Z2: =Y2/$Y$4 -> 1.4117899 | AA2: 41719 | AB2: =AA2/$AA$4 -> 1.186716 | AC2: 112197 | AD2: =AC2/$AC$4 -> 1.3231715 | AE2: 36493 | AF2: =AE2/$AE$4 -> 1.8748009 | AG2: 83977 | AH2: 54927 | AI2: 76807 | AJ2: 64497
A3: Metro Atlanta | B3: Mega | C3: Atlanta | D3: Gwinnett | E3: =AVERAGE(M3,O3,Q3,S3,U3,W3,Y3,AA3,AC3,AE3) -> 54995.7 | F3: =E3/$E$4 -> 1.165057 | G3: =AVERAGE(M3,U3,W3,AC3,AE3) -> 53770.2 | H3: =G3/$G$4 -> 1.3237436 | I3: =AVERAGE(O3,Q3,S3,Y3,AA3) -> 56221.2 | J3: =I3/$I$4 -> 1.0452213 | K3: =AVERAGE(O3,Q3,S3) -> 68183.667 | L3: =K3/$K$4 -> 1.029405 | M3: 29075 | N3: =M3/$M$4 -> 1.0611314 | O3: 68504 | P3: =O3/$O$4 -> 1.0213045 | Q3: 70227 | R3: =Q3/$Q$4 -> 1.0061751 | S3: 65820 | T3: =S3/$S$4 -> 1.0644113 | U3: 57897 | V3: =U3/$U$4 -> 1.7098432 | W3: 60783 | X3: =W3/$W$4 -> 1.6174725 | Y3: 40312 | Z3: =Y3/$Y$4 -> 1.1491121 | AA3: 36243 | AB3: =AA3/$AA$4 -> 1.0309487 | AC3: 98949 | AD3: =AC3/$AC$4 -> 1.166934 | AE3: 22147 | AF3: =AE3/$AE$4 -> 1.1377858 | AG3: 61667 | AH3: 41495 | AI3: 56484 | AJ3: 47348
A4: Metro Atlanta | B4: Mega | C4: Atlanta | D4: Fulton | E4: =AVERAGE(M4,O4,Q4,S4,U4,W4,Y4,AA4,AC4,AE4) -> 47204.3 | F4: =E4/$E$4 -> 1 | G4: =AVERAGE(M4,U4,W4,AC4,AE4) -> 40619.8 | H4: =G4/$G$4 -> 1 | I4: =AVERAGE(O4,Q4,S4,Y4,AA4) -> 53788.8 | J4: =I4/$I$4 -> 1 | K4: =AVERAGE(O4,Q4,S4) -> 66236 | L4: =K4/$K$4 -> 1 | M4: 27400 | N4: =M4/$M$4 -> 1 | O4: 67075 | P4: =O4/$O$4 -> 1 | Q4: 69796 | R4: =Q4/$Q$4 -> 1 | S4: 61837 | T4: =S4/$S$4 -> 1 | U4: 33861 | V4: =U4/$U$4 -> 1 | W4: 37579 | X4: =W4/$W$4 -> 1 | Y4: 35081 | Z4: =Y4/$Y$4 -> 1 | AA4: 35155 | AB4: =AA4/$AA$4 -> 1 | AC4: 84794 | AD4: =AC4/$AC$4 -> 1 | AE4: 19465 | AF4: =AE4/$AE$4 -> 1 | AG4: 64451 | AH4: 44613 | AI4: 58931 | AJ4: 50016
A5: Greater Metro Atlanta | B5: Large | C5: Atlanta | D5: Cherokee | E5: =AVERAGE(M5,O5,Q5,S5,U5,W5,Y5,AA5,AC5,AE5) -> 36394.2 | F5: =E5/$E$4 -> 0.77099332 | G5: =AVERAGE(M5,U5,W5,AC5,AE5) -> 34205 | H5: =G5/$G$4 -> 0.84207702 | I5: =AVERAGE(O5,Q5,S5,Y5,AA5) -> 38583.4 | J5: =I5/$I$4 -> 0.7173129 | K5: =AVERAGE(O5,Q5,S5) -> 50427.667 | L5: =K5/$K$4 -> 0.76133321 | M5: 26317 | N5: =M5/$M$4 -> 0.96047445 | O5: 50700 | P5: =O5/$O$4 -> 0.75587029 | Q5: 52199 | R5: =Q5/$Q$4 -> 0.74787953 | S5: 48384 | T5: =S5/$S$4 -> 0.78244417 | U5: 35457 | V5: =U5/$U$4 -> 1.0471339 | W5: 37450 | X5: =W5/$W$4 -> 0.99656723 | Y5: 20646 | Z5: =Y5/$Y$4 -> 0.5885237 | AA5: 20988 | AB5: =AA5/$AA$4 -> 0.59701323 | AC5: 50327 | AD5: =AC5/$AC$4 -> 0.59352077 | AE5: 21474 | AF5: =AE5/$AE$4 -> 1.1032109 | AG5: 51300 | AH5: 33370 | AI5: 45812 | AJ5: 39190
A6: Greater Metro Atlanta | B6: Large | C6: Atlanta | D6: Forsyth | E6: =AVERAGE(M6,O6,Q6,S6,U6,W6,Y6,AA6,AC6,AE6) -> 30326.3 | F6: =E6/$E$4 -> 0.64244783 | G6: =AVERAGE(M6,U6,W6,AC6,AE6) -> 28044.6 | H6: =G6/$G$4 -> 0.69041699 | I6: =AVERAGE(O6,Q6,S6,Y6,AA6) -> 32608 | J6: =I6/$I$4 -> 0.60622286 | K6: =AVERAGE(O6,Q6,S6) -> 39320.667 | L6: =K6/$K$4 -> 0.59364495 | M6: 19736 | N6: =M6/$M$4 -> 0.72029197 | O6: 39491 | P6: =O6/$O$4 -> 0.58875885 | Q6: 40466 | R6: =Q6/$Q$4 -> 0.57977535 | S6: 38005 | T6: =S6/$S$4 -> 0.61459967 | U6: 28848 | V6: =U6/$U$4 -> 0.85195357 | W6: 30884 | X6: =W6/$W$4 -> 0.82184199 | Y6: 19475 | Z6: =Y6/$Y$4 -> 0.55514381 | AA6: 25603 | AB6: =AA6/$AA$4 -> 0.72828901 | AC6: 42318 | AD6: =AC6/$AC$4 -> 0.49906833 | AE6: 18437 | AF6: =AE6/$AE$4 -> 0.94718726 | AG6: 37710 | AH6: 24264 | AI6: 33866 | AJ6: 29071
A7: N GA | B7: Large | C7: Atlanta | D7: Hall | E7: =AVERAGE(M7,O7,Q7,S7,U7,W7,Y7,AA7,AC7,AE7) -> 24588.3 | F7: =E7/$E$4 -> 0.52089111 | G7: =AVERAGE(M7,U7,W7,AC7,AE7) -> 22999.6 | H7: =G7/$G$4 -> 0.56621648 | I7: =AVERAGE(O7,Q7,S7,Y7,AA7) -> 26177 | J7: =I7/$I$4 -> 0.48666265 | K7: =AVERAGE(O7,Q7,S7) -> 32187.333 | L7: =K7/$K$4 -> 0.48594923 | M7: 16864 | N7: =M7/$M$4 -> 0.61547445 | O7: 32129 | P7: =O7/$O$4 -> 0.47900112 | Q7: 32620 | R7: =Q7/$Q$4 -> 0.46736203 | S7: 31813 | T7: =S7/$S$4 -> 0.51446545 | U7: 26186 | V7: =U7/$U$4 -> 0.77333806 | W7: 27725 | X7: =W7/$W$4 -> 0.73777908 | Y7: 18823 | Z7: =Y7/$Y$4 -> 0.53655825 | AA7: 15500 | AB7: =AA7/$AA$4 -> 0.44090457 | AC7: 32623 | AD7: =AC7/$AC$4 -> 0.38473241 | AE7: 11600 | AF7: =AE7/$AE$4 -> 0.59594143 | AG7: 31654 | AH7: 20449 | AI7: 27985 | AJ7: 23240
A8: Metro Atlanta | B8: Large | C8: Atlanta | D8: DeKalb | E8: =AVERAGE(M8,O8,Q8,S8,U8,W8,Y8,AA8,AC8,AE8) -> 22326.8 | F8: =E8/$E$4 -> 0.47298233 | G8: =AVERAGE(M8,U8,W8,AC8,AE8) -> 20893.8 | H8: =G8/$G$4 -> 0.51437476 | I8: =AVERAGE(O8,Q8,S8,Y8,AA8) -> 23759.8 | J8: =I8/$I$4 -> 0.44172393 | K8: =AVERAGE(O8,Q8,S8) -> 29072 | L8: =K8/$K$4 -> 0.43891539 | M8: 12595 | N8: =M8/$M$4 -> 0.45967153 | O8: 29395 | P8: =O8/$O$4 -> 0.43824078 | Q8: 30685 | R8: =Q8/$Q$4 -> 0.43963837 | S8: 27136 | T8: =S8/$S$4 -> 0.43883112 | U8: 17425 | V8: =U8/$U$4 -> 0.51460382 | W8: 18923 | X8: =W8/$W$4 -> 0.50355252 | Y8: 16498 | Z8: =Y8/$Y$4 -> 0.47028306 | AA8: 15085 | AB8: =AA8/$AA$4 -> 0.4290997 | AC8: 44450 | AD8: =AC8/$AC$4 -> 0.52421162 | AE8: 11076 | AF8: =AE8/$AE$4 -> 0.56902132 | AG8: 28258 | AH8: 20438 | AI8: 26134 | AJ8: 21407
A9: Augusta Area | B9: Large | C9: Augusta | D9: Columbia | E9: =AVERAGE(M9,O9,Q9,S9,U9,W9,Y9,AA9,AC9,AE9) -> 18897.9 | F9: =E9/$E$4 -> 0.40034277 | G9: =AVERAGE(M9,U9,W9,AC9,AE9) -> 17679.8 | H9: =G9/$G$4 -> 0.43525079 | I9: =AVERAGE(O9,Q9,S9,Y9,AA9) -> 20116 | J9: =I9/$I$4 -> 0.3739812 | K9: =AVERAGE(O9,Q9,S9) -> 23315.667 | L9: =K9/$K$4 -> 0.35200898 | M9: 13437 | N9: =M9/$M$4 -> 0.49040146 | O9: 23595 | P9: =O9/$O$4 -> 0.35177041 | Q9: 24011 | R9: =Q9/$Q$4 -> 0.34401685 | S9: 22341 | T9: =S9/$S$4 -> 0.36128855 | U9: 17358 | V9: =U9/$U$4 -> 0.51262514 | W9: 18509 | X9: =W9/$W$4 -> 0.49253572 | Y9: 15530 | Z9: =Y9/$Y$4 -> 0.44268978 | AA9: 15103 | AB9: =AA9/$AA$4 -> 0.42961172 | AC9: 26505 | AD9: =AC9/$AC$4 -> 0.31258108 | AE9: 12590 | AF9: =AE9/$AE$4 -> 0.64680195 | AG9: 22892 | AH9: 14874 | AI9: 19440 | AJ9: 15287
A10: Coastal GA | B10: Mid-Large | C10: Savanna | D10: Chatham | E10: =AVERAGE(M10,O10,Q10,S10,U10,W10,Y10,AA10,AC10,AE10) -> 18257.1 | F10: =E10/$E$4 -> 0.38676773 | G10: =AVERAGE(M10,U10,W10,AC10,AE10) -> 16762.4 | H10: =G10/$G$4 -> 0.41266574 | I10: =AVERAGE(O10,Q10,S10,Y10,AA10) -> 19751.8 | J10: =I10/$I$4 -> 0.36721027 | K10: =AVERAGE(O10,Q10,S10) -> 25138.667 | L10: =K10/$K$4 -> 0.37953178 | M10: 10055 | N10: =M10/$M$4 -> 0.3669708 | O10: 25455 | P10: =O10/$O$4 -> 0.37950056 | Q10: 26113 | R10: =Q10/$Q$4 -> 0.37413319 | S10: 23848 | T10: =S10/$S$4 -> 0.38565907 | U10: 18680 | V10: =U10/$U$4 -> 0.55166711 | W10: 19461 | X10: =W10/$W$4 -> 0.51786902 | Y10: 11949 | Z10: =Y10/$Y$4 -> 0.34061173 | AA10: 11394 | AB10: =AA10/$AA$4 -> 0.32410752 | AC10: 30671 | AD10: =AC10/$AC$4 -> 0.36171191 | AE10: 4945 | AF10: =AE10/$AE$4 -> 0.25404572 | AG10: 24415 | AH10: 16957 | AI10: 20970 | AJ10: 16663
A11: Greater Metro Atlanta | B11: Mid-Large | C11: Atlanta | D11: Coweta | E11: =AVERAGE(M11,O11,Q11,S11,U11,W11,Y11,AA11,AC11,AE11) -> 17804.8 | F11: =E11/$E$4 -> 0.37718598 | G11: =AVERAGE(M11,U11,W11,AC11,AE11) -> 16351 | H11: =G11/$G$4 -> 0.40253768 | I11: =AVERAGE(O11,Q11,S11,Y11,AA11) -> 19258.6 | J11: =I11/$I$4 -> 0.35804108 | K11: =AVERAGE(O11,Q11,S11) -> 25115.333 | L11: =K11/$K$4 -> 0.3791795 | M11: 11288 | N11: =M11/$M$4 -> 0.4119708 | O11: 25362 | P11: =O11/$O$4 -> 0.37811405 | Q11: 25974 | R11: =Q11/$Q$4 -> 0.37214167 | S11: 24010 | T11: =S11/$S$4 -> 0.38827886 | U11: 17274 | V11: =U11/$U$4 -> 0.51014441 | W11: 18333 | X11: =W11/$W$4 -> 0.48785226 | Y11: 10485 | Z11: =Y11/$Y$4 -> 0.29887974 | AA11: 10462 | AB11: =AA11/$AA$4 -> 0.29759636 | AC11: 25333 | AD11: =AC11/$AC$4 -> 0.29875935 | AE11: 9527 | AF11: =AE11/$AE$4 -> 0.48944259 | AG11: 25132 | AH11: 15981 | AI11: 21805 | AJ11: 17476
A12: Greater Metro Atlanta | B12: Mid-Large | C12: Atlanta | D12: Paulding | E12: =AVERAGE(M12,O12,Q12,S12,U12,W12,Y12,AA12,AC12,AE12) -> 17306.2 | F12: =E12/$E$4 -> 0.36662338 | G12: =AVERAGE(M12,U12,W12,AC12,AE12) -> 17064 | H12: =G12/$G$4 -> 0.42009069 | I12: =AVERAGE(O12,Q12,S12,Y12,AA12) -> 17548.4 | J12: =I12/$I$4 -> 0.32624636 | K12: =AVERAGE(O12,Q12,S12) -> 21474.667 | L12: =K12/$K$4 -> 0.32421443 | M12: 11562 | N12: =M12/$M$4 -> 0.4219708 | O12: 21629 | P12: =O12/$O$4 -> 0.32245993 | Q12: 22072 | R12: =Q12/$Q$4 -> 0.31623589 | S12: 20723 | T12: =S12/$S$4 -> 0.33512298 | U12: 19958 | V12: =U12/$U$4 -> 0.58940965 | W12: 21062 | X12: =W12/$W$4 -> 0.5604726 | Y12: 12117 | Z12: =Y12/$Y$4 -> 0.34540064 | AA12: 11201 | AB12: =AA12/$AA$4 -> 0.31861755 | AC12: 24177 | AD12: =AC12/$AC$4 -> 0.28512631 | AE12: 8561 | AF12: =AE12/$AE$4 -> 0.43981505 | AG12: 20367 | AH12: 13476 | AI12: 18040 | AJ12: 15362
A13: Greater Metro Atlanta | B13: Mid-Large | C13: Atlanta | D13: Henry | E13: =AVERAGE(M13,O13,Q13,S13,U13,W13,Y13,AA13,AC13,AE13) -> 17008.4 | F13: =E13/$E$4 -> 0.36031463 | G13: =AVERAGE(M13,U13,W13,AC13,AE13) -> 16701 | H13: =G13/$G$4 -> 0.41115417 | I13: =AVERAGE(O13,Q13,S13,Y13,AA13) -> 17315.8 | J13: =I13/$I$4 -> 0.32192204 | K13: =AVERAGE(O13,Q13,S13) -> 19646.667 | L13: =K13/$K$4 -> 0.29661614 | M13: 9196 | N13: =M13/$M$4 -> 0.33562044 | O13: 19697 | P13: =O13/$O$4 -> 0.29365635 | Q13: 20117 | R13: =Q13/$Q$4 -> 0.28822569 | S13: 19126 | T13: =S13/$S$4 -> 0.30929702 | U13: 17417 | V13: =U13/$U$4 -> 0.51436756 | W13: 18712 | X13: =W13/$W$4 -> 0.49793768 | Y13: 14637 | Z13: =Y13/$Y$4 -> 0.4172344 | AA13: 13002 | AB13: =AA13/$AA$4 -> 0.36984782 | AC13: 28289 | AD13: =AC13/$AC$4 -> 0.3336203 | AE13: 9891 | AF13: =AE13/$AE$4 -> 0.50814282 | AG13: 17423 | AH13: 11560 | AI13: 15922 | AJ13: 12865
... A93: Middle GA | B93: Very Small | C93: Augusta | D93: McDuffie | E93: =AVERAGE(M93,O93,Q93,S93,U93,W93,Y93,AA93,AC93,AE93) -> 2391.9 | F93: =E93/$E$4 -> 0.050671231 | G93: =AVERAGE(M93,U93,W93,AC93,AE93) -> 2377 | H93: =G93/$G$4 -> 0.05851826 | I93: =AVERAGE(O93,Q93,S93,Y93,AA93) -> 2406.8 | J93: =I93/$I$4 -> 0.044745374 | K93: =AVERAGE(O93,Q93,S93) -> 3021.6667 | L93: =K93/$K$4 -> 0.045619703 | M93: 1748 | N93: =M93/$M$4 -> 0.06379562 | O93: 3048 | P93: =O93/$O$4 -> 0.04544167 | Q93: 3074 | R93: =Q93/$Q$4 -> 0.044042639 | S93: 2943 | T93: =S93/$S$4 -> 0.047592865 | U93: 2068 | V93: =U93/$U$4 -> 0.061073211 | W93: 2454 | X93: =W93/$W$4 -> 0.06530243 | Y93: 1528 | Z93: =Y93/$Y$4 -> 0.043556341 | AA93: 1441 | AB93: =AA93/$AA$4 -> 0.040989902 | AC93: 3168 | AD93: =AC93/$AC$4 -> 0.037361134 | AE93: 2447 | AF93: =AE93/$AE$4 -> 0.12571282 | AG93: 2962 | AH93: 2029 | AI93: 2507 | AJ93: 1856
A94: NW GA | B94: Very Small | C94: Chattanooga | D94: Dade | E94: =AVERAGE(M94,O94,Q94,S94,U94,W94,Y94,AA94,AC94,AE94) -> 2449.2 | F94: =E94/$E$4 -> 0.051885104 | G94: =AVERAGE(M94,U94,W94,AC94,AE94) -> 2502.4 | H94: =G94/$G$4 -> 0.061605424 | I94: =AVERAGE(O94,Q94,S94,Y94,AA94) -> 2396 | J94: =I94/$I$4 -> 0.044544589 | K94: =AVERAGE(O94,Q94,S94) -> 2981.6667 | L94: =K94/$K$4 -> 0.045015802 | M94: 1746 | N94: =M94/$M$4 -> 0.063722628 | O94: 3069 | P94: =O94/$O$4 -> 0.045754752 | Q94: 3169 | R94: =Q94/$Q$4 -> 0.045403748 | S94: 2707 | T94: =S94/$S$4 -> 0.04377638 | U94: 3070 | V94: =U94/$U$4 -> 0.090664777 | W94: 2932 | X94: =W94/$W$4 -> 0.0780223 | Y94: 1037 | Z94: =Y94/$Y$4 -> 0.029560161 | AA94: 1998 | AB94: =AA94/$AA$4 -> 0.056834021 | AC94: 2795 | AD94: =AC94/$AC$4 -> 0.032962238 | AE94: 1969 | AF94: 0.06 | AG94: 3056 | AH94: 2050 | AI94: 2416 | AJ94: 1904
A95: Macon Metro | B95: Very Small | C95: Macon | D95: Peach | E95: =AVERAGE(M95,O95,Q95,S95,U95,W95,Y95,AA95,AC95,AE95) -> 2202.1 | F95: =E95/$E$4 -> 0.046650411 | G95: =AVERAGE(M95,U95,W95,AC95,AE95) -> 2024 | H95: =G95/$G$4 -> 0.049827916 | I95: =AVERAGE(O95,Q95,S95,Y95,AA95) -> 2380.2 | J95: =I95/$I$4 -> 0.044250848 | K95: =AVERAGE(O95,Q95,S95) -> 2990.3333 | L95: =K95/$K$4 -> 0.045146647 | M95: 1542 | N95: =M95/$M$4 -> 0.056277372 | O95: 3022 | P95: =O95/$O$4 -> 0.045054044 | Q95: 3066 | R95: =Q95/$Q$4 -> 0.043928019 | S95: 2883 | T95: =S95/$S$4 -> 0.046622572 | U95: 2068 | V95: =U95/$U$4 -> 0.061073211 | W95: 2240 | X95: =W95/$W$4 -> 0.05960776 | Y95: 1477 | Z95: =Y95/$Y$4 -> 0.042102563 | AA95: 1453 | AB95: =AA95/$AA$4 -> 0.041331247 | AC95: 3052 | AD95: =AC95/$AC$4 -> 0.035993113 | AE95: 1218 | AF95: =AE95/$AE$4 -> 0.062573851 | AG95: 2936 | AH95: 1954 | AI95: 2601 | AJ95: 1982
A96: S GA | B96: Very Small | C96: Savanna | D96: Tattnall | E96: =AVERAGE(M96,O96,Q96,S96,U96,W96,Y96,AA96,AC96,AE96) -> 2462.3 | F96: =E96/$E$4 -> 0.052162621 | G96: =AVERAGE(M96,U96,W96,AC96,AE96) -> 2550 | H96: =G96/$G$4 -> 0.062777266 | I96: =AVERAGE(O96,Q96,S96,Y96,AA96) -> 2374.6 | J96: =I96/$I$4 -> 0.044146737 | K96: =AVERAGE(O96,Q96,S96) -> 2965.3333 | L96: =K96/$K$4 -> 0.044769209 | M96: 1449 | N96: =M96/$M$4 -> 0.052883212 | O96: 3014 | P96: =O96/$O$4 -> 0.044934775 | Q96: 3059 | R96: =Q96/$Q$4 -> 0.043827727 | S96: 2823 | T96: =S96/$S$4 -> 0.045652279 | U96: 3350 | V96: =U96/$U$4 -> 0.098933877 | W96: 3188 | X96: =W96/$W$4 -> 0.084834615 | Y96: 1298 | Z96: =Y96/$Y$4 -> 0.037000086 | AA96: 1679 | AB96: =AA96/$AA$4 -> 0.04775992 | AC96: 2558 | AD96: =AC96/$AC$4 -> 0.030167229 | AE96: 2205 | AF96: =AE96/$AE$4 -> 0.11328025 | AG96: 2875 | AH96: 1961 | AI96: 2318 | AJ96: 1638
A97: Coastal GA | B97: Very Small | C97: Savanna | D97: Liberty | E97: =AVERAGE(M97,O97,Q97,S97,U97,W97,Y97,AA97,AC97,AE97) -> 1989.7 | F97: =E97/$E$4 -> 0.042150821 | G97: =AVERAGE(M97,U97,W97,AC97,AE97) -> 1626.2 | H97: =G97/$G$4 -> 0.040034663 | I97: =AVERAGE(O97,Q97,S97,Y97,AA97) -> 2353.2 | J97: =I97/$I$4 -> 0.043748885 | K97: =AVERAGE(O97,Q97,S97) -> 2884 | L97: =K97/$K$4 -> 0.043541277 | M97: 1450 | N97: =M97/$M$4 -> 0.052919708 | O97: 2908 | P97: =O97/$O$4 -> 0.043354454 | Q97: 2976 | R97: =Q97/$Q$4 -> 0.042638547 | S97: 2768 | T97: =S97/$S$4 -> 0.044762844 | U97: 1606 | V97: =U97/$U$4 -> 0.047429196 | W97: 1706 | X97: =W97/$W$4 -> 0.045397696 | Y97: 1297 | Z97: =Y97/$Y$4 -> 0.03697158 | AA97: 1817 | AB97: =AA97/$AA$4 -> 0.051685393 | AC97: 2907 | AD97: =AC97/$AC$4 -> 0.034283086 | AE97: 462 | AF97: =AE97/$AE$4 -> 0.023734909 | AG97: 2808 | AH97: 2015 | AI97: 2379 | AJ97: 1861
A98: Middle GA | B98: Very Small | C98: Atlanta | D98: Jasper | E98: =AVERAGE(M98,O98,Q98,S98,U98,W98,Y98,AA98,AC98,AE98) -> 2193.8 | F98: =E98/$E$4 -> 0.04647458 | G98: =AVERAGE(M98,U98,W98,AC98,AE98) -> 2043.6 | H98: =G98/$G$4 -> 0.05031044 | I98: =AVERAGE(O98,Q98,S98,Y98,AA98) -> 2344 | J98: =I98/$I$4 -> 0.043577845 | K98: =AVERAGE(O98,Q98,S98) -> 2954 | L98: =K98/$K$4 -> 0.044598104 | M98: 1847 | N98: =M98/$M$4 -> 0.067408759 | O98: 2946 | P98: =O98/$O$4 -> 0.043920984 | Q98: 2982 | R98: =Q98/$Q$4 -> 0.042724511 | S98: 2934 | T98: =S98/$S$4 -> 0.047447321 | U98: 2289 | V98: =U98/$U$4 -> 0.067599894 | W98: 2436 | X98: =W98/$W$4 -> 0.064823439 | Y98: 1502 | Z98: =Y98/$Y$4 -> 0.042815199 | AA98: 1356 | AB98: =AA98/$AA$4 -> 0.038572038 | AC98: 2499 | AD98: =AC98/$AC$4 -> 0.029471425 | AE98: 1147 | AF98: =AE98/$AE$4 -> 0.058926278 | AG98: 3079 | AH98: 2020 | AI98: 2681 | AJ98: 2149
A99: S GA | B99: Very Small | C99: Columbus | D99: Sumter | E99: =AVERAGE(M99,O99,Q99,S99,U99,W99,Y99,AA99,AC99,AE99) -> 2422.1 | F99: =E99/$E$4 -> 0.051311003 | G99: =AVERAGE(M99,U99,W99,AC99,AE99) -> 2513 | H99: =G99/$G$4 -> 0.06186638 | I99: =AVERAGE(O99,Q99,S99,Y99,AA99) -> 2331.2 | J99: =I99/$I$4 -> 0.043339877 | K99: =AVERAGE(O99,Q99,S99) -> 2842.6667 | L99: =K99/$K$4 -> 0.042917245 | M99: 1356 | N99: =M99/$M$4 -> 0.049489051 | O99: 2918 | P99: =O99/$O$4 -> 0.043503541 | Q99: 2946 | R99: =Q99/$Q$4 -> 0.042208723 | S99: 2664 | T99: =S99/$S$4 -> 0.043081003 | U99: 2449 | V99: =U99/$U$4 -> 0.072325094 | W99: 2495 | X99: =W99/$W$4 -> 0.066393464 | Y99: 1332 | Z99: =Y99/$Y$4 -> 0.037969271 | AA99: 1796 | AB99: =AA99/$AA$4 -> 0.051088039 | AC99: 3010 | AD99: =AC99/$AC$4 -> 0.035497795 | AE99: 3255 | AF99: =AE99/$AE$4 -> 0.16722322 | AG99: 2771 | AH99: 1878 | AI99: 2251 | AJ99: 1460
A100: S GA | B100: Very Small | C100: Tallahassee, FL | D100: Decatur | E100: =AVERAGE(M100,O100,Q100,S100,U100,W100,Y100,AA100,AC100,AE100) -> 1998.3 | F100: =E100/$E$4 -> 0.042333008 | G100: =AVERAGE(M100,U100,W100,AC100,AE100) -> 1703.6 | H100: =G100/$G$4 -> 0.041940138 | I100: =AVERAGE(O100,Q100,S100,Y100,AA100) -> 2293 | J100: =I100/$I$4 -> 0.042629692 | K100: =AVERAGE(O100,Q100,S100) -> 2968.6667 | L100: =K100/$K$4 -> 0.044819534 | M100: 1508 | N100: =M100/$M$4 -> 0.055036496 | O100: 3044 | P100: =O100/$O$4 -> 0.045382035 | Q100: 3088 | R100: =Q100/$Q$4 -> 0.044243223 | S100: 2774 | T100: =S100/$S$4 -> 0.044859874 | U100: 1497 | V100: =U100/$U$4 -> 0.044210153 | W100: 1538 | X100: =W100/$W$4 -> 0.040927114 | Y100: 1451 | Z100: =Y100/$Y$4 -> 0.041361421 | AA100: 1108 | AB100: =AA100/$AA$4 -> 0.031517565 | AC100: 3161 | AD100: =AC100/$AC$4 -> 0.037278581 | AE100: 814 | AF100: =AE100/$AE$4 -> 0.041818649 | AG100: 2939 | AH100: 2005 | AI100: 2551 | AJ100: 1850
A101: S GA | B101: Very Small | C101: Jacksonville, FL | D101: Brantley | E101: =AVERAGE(M101,O101,Q101,S101,U101,W101,Y101,AA101,AC101,AE101) -> 2500.8 | F101: =E101/$E$4 -> 0.052978224 | G101: =AVERAGE(M101,U101,W101,AC101,AE101) -> 2719.2 | H101: =G101/$G$4 -> 0.066942723 | I101: =AVERAGE(O101,Q101,S101,Y101,AA101) -> 2282.4 | J101: =I101/$I$4 -> 0.042432625 | K101: =AVERAGE(O101,Q101,S101) -> 3025 | L101: =K101/$K$4 -> 0.045670028 | M101: 1670 | N101: =M101/$M$4 -> 0.060948905 | O101: 3084 | P101: =O101/$O$4 -> 0.045978382 | Q101: 3158 | R101: =Q101/$Q$4 -> 0.045246146 | S101: 2833 | T101: =S101/$S$4 -> 0.045813995 | U101: 3442 | V101: =U101/$U$4 -> 0.10165087 | W101: 3203 | X101: =W101/$W$4 -> 0.085233774 | Y101: 941 | Z101: =Y101/$Y$4 -> 0.026823637 | AA101: 1396 | AB101: =AA101/$AA$4 -> 0.039709856 | AC101: 2383 | AD101: =AC101/$AC$4 -> 0.028103404 | AE101: 2898 | AF101: =AE101/$AE$4 -> 0.14888261 | AG101: 3075 | AH101: 2092 | AI101: 2537 | AJ101: 1853
A102: S GA | B102: Very Small | C102: Albany | D102: Crisp | E102: =AVERAGE(M102,O102,Q102,S102,U102,W102,Y102,AA102,AC102,AE102) -> 2181.5 | F102: =E102/$E$4 -> 0.04621401 | G102: =AVERAGE(M102,U102,W102,AC102,AE102) -> 2291.6 | H102: =G102/$G$4 -> 0.056415837 | I102: =AVERAGE(O102,Q102,S102,Y102,AA102) -> 2071.4 | J102: =I102/$I$4 -> 0.038509876 | K102: =AVERAGE(O102,Q102,S102) -> 2665 | L102: =K102/$K$4 -> 0.040234918 | M102: 1203 | N102: =M102/$M$4 -> 0.043905109 | O102: 2723 | P102: =O102/$O$4 -> 0.040596347 | Q102: 2742 | R102: =Q102/$Q$4 -> 0.039285919 | S102: 2530 | T102: =S102/$S$4 -> 0.040914016 | U102: 2685 | V102: =U102/$U$4 -> 0.079294764 | W102: 2796 | X102: =W102/$W$4 -> 0.074403257 | Y102: 1188 | Z102: =Y102/$Y$4 -> 0.033864485 | AA102: 1174 | AB102: =AA102/$AA$4 -> 0.033394965 | AC102: 2399 | AD102: =AC102/$AC$4 -> 0.028292096 | AE102: 2375 | AF102: =AE102/$AE$4 -> 0.12201387 | AG102: 2565 | AH102: 1757 | AI102: 2286 | AJ102: 1717
A103: Middle GA | B103: Very Small | C103: Macon | D103: Bleckley | E103: =AVERAGE(M103,O103,Q103,S103,U103,W103,Y103,AA103,AC103,AE103) -> 1943.8 | F103: =E103/$E$4 -> 0.041178452 | G103: =AVERAGE(M103,U103,W103,AC103,AE103) -> 1828.2 | H103: =G103/$G$4 -> 0.045007607 | I103: =AVERAGE(O103,Q103,S103,Y103,AA103) -> 2059.4 | J103: =I103/$I$4 -> 0.038286781 | K103: =AVERAGE(O103,Q103,S103) -> 2506.6667 | L103: =K103/$K$4 -> 0.037844475 | M103: 1064 | N103: =M103/$M$4 -> 0.038832117 | O103: 2537 | P103: =O103/$O$4 -> 0.037823332 | Q103: 2563 | R103: =Q103/$Q$4 -> 0.036721302 | S103: 2420 | T103: =S103/$S$4 -> 0.039135146 | U103: 1684 | V103: =U103/$U$4 -> 0.049732731 | W103: 1756 | X103: =W103/$W$4 -> 0.046728226 | Y103: 1164 | Z103: =Y103/$Y$4 -> 0.033180354 | AA103: 1613 | AB103: =AA103/$AA$4 -> 0.04588252 | AC103: 2144 | AD103: =AC103/$AC$4 -> 0.025284808 | AE103: 2493 | AF103: =AE103/$AE$4 -> 0.12807603 | AG103: 2426 | AH103: 1576 | AI103: 1990 | AJ103: 1406
A104: S GA | B104: Very Small | C104: Albany | D104: Mitchell | E104: =AVERAGE(M104,O104,Q104,S104,U104,W104,Y104,AA104,AC104,AE104) -> 1882 | F104: =E104/$E$4 -> 0.039869249 | G104: =AVERAGE(M104,U104,W104,AC104,AE104) -> 1795.6 | H104: =G104/$G$4 -> 0.044205043 | I104: =AVERAGE(O104,Q104,S104,Y104,AA104) -> 1968.4 | J104: =I104/$I$4 -> 0.036594979 | K104: =AVERAGE(O104,Q104,S104) -> 2562.6667 | L104: =K104/$K$4 -> 0.038689937 | M104: 1218 | N104: =M104/$M$4 -> 0.044452555 | O104: 2597 | P104: =O104/$O$4 -> 0.038717853 | Q104: 2615 | R104: =Q104/$Q$4 -> 0.03746633 | S104: 2476 | T104: =S104/$S$4 -> 0.040040752 | U104: 2137 | V104: =U104/$U$4 -> 0.063110954 | W104: 2191 | X104: =W104/$W$4 -> 0.05830384 | Y104: 1125 | Z104: =Y104/$Y$4 -> 0.032068641 | AA104: 1029 | AB104: =AA104/$AA$4 -> 0.029270374 | AC104: 2279 | AD104: =AC104/$AC$4 -> 0.026876902 | AE104: 1153 | AF104: =AE104/$AE$4 -> 0.059234523 | AG104: 2330 | AH104: 1602 | AI104: 1976 | AJ104: 1436
A105: Middle GA | B105: Very Small | C105: Augusta | D105: Burke | E105: =AVERAGE(M105,O105,Q105,S105,U105,W105,Y105,AA105,AC105,AE105) -> 1788.6 | F105: =E105/$E$4 -> 0.037890616 | G105: =AVERAGE(M105,U105,W105,AC105,AE105) -> 1638.4 | H105: =G105/$G$4 -> 0.040335009 | I105: =AVERAGE(O105,Q105,S105,Y105,AA105) -> 1938.8 | J105: =I105/$I$4 -> 0.036044678 | K105: =AVERAGE(O105,Q105,S105) -> 2512.6667 | L105: =K105/$K$4 -> 0.03793506 | M105: 1275 | N105: =M105/$M$4 -> 0.046532847 | O105: 2550 | P105: =O105/$O$4 -> 0.038017145 | Q105: 2583 | R105: =Q105/$Q$4 -> 0.037007851 | S105: 2405 | T105: =S105/$S$4 -> 0.038892572 | U105: 1569 | V105: =U105/$U$4 -> 0.046336493 | W105: 1596 | X105: =W105/$W$4 -> 0.042470529 | Y105: 1040 | Z105: =Y105/$Y$4 -> 0.029645677 | AA105: 1116 | AB105: =AA105/$AA$4 -> 0.031745129 | AC105: 2617 | AD105: =AC105/$AC$4 -> 0.030863033 | AE105: 1135 | AF105: =AE105/$AE$4 -> 0.058309787 | AG105: 2488 | AH105: 1700 | AI105: 2042 | AJ105: 1525
A106: Coastal GA | B106: Very Small | C106: Savanna | D106: McIntosh | E106: =AVERAGE(M106,O106,Q106,S106,U106,W106,Y106,AA106,AC106,AE106) -> 1888.3 | F106: =E106/$E$4 -> 0.040002712 | G106: =AVERAGE(M106,U106,W106,AC106,AE106) -> 1854.6 | H106: =G106/$G$4 -> 0.045657536 | I106: =AVERAGE(O106,Q106,S106,Y106,AA106) -> 1922 | J106: =I106/$I$4 -> 0.035732346 | K106: =AVERAGE(O106,Q106,S106) -> 2470 | L106: =K106/$K$4 -> 0.037290899 | M106: 1308 | N106: =M106/$M$4 -> 0.047737226 | O106: 2508 | P106: =O106/$O$4 -> 0.03739098 | Q106: 2567 | R106: =Q106/$Q$4 -> 0.036778612 | S106: 2335 | T106: =S106/$S$4 -> 0.037760564 | U106: 2098 | V106: =U106/$U$4 -> 0.061959186 | W106: 2144 | X106: =W106/$W$4 -> 0.057053141 | Y106: 1040 | Z106: =Y106/$Y$4 -> 0.029645677 | AA106: 1160 | AB106: =AA106/$AA$4 -> 0.032996729 | AC106: 1999 | AD106: =AC106/$AC$4 -> 0.023574781 | AE106: 1724 | AF106: =AE106/$AE$4 -> 0.088569227 | AG106: 1842 | AH106: 1359 | AI106: 1606 | AJ106: 1196
... A160: Middle GA | B160: Micro | C160: Augusta | D160: Taliaferro | E160: =AVERAGE(M160,O160,Q160,S160,U160,W160,Y160,AA160,AC160,AE160) -> 125.8 | F160: =E160/$E$4 -> 0.0026650115 | G160: =AVERAGE(M160,U160,W160,AC160,AE160) -> 104.2 | H160: =G160/$G$4 -> 0.0025652514 | I160: =AVERAGE(O160,Q160,S160,Y160,AA160) -> 147.4 | J160: =I160/$I$4 -> 0.0027403474 | K160: =AVERAGE(O160,Q160,S160) -> 212 | L160: =K160/$K$4 -> 0.0032006764 | M160: 115 | N160: =M160/$M$4 -> 0.0041970803 | O160: 214 | P160: =O160/$O$4 -> 0.0031904584 | Q160: 220 | R160: =Q160/$Q$4 -> 0.0031520431 | S160: 202 | T160: =S160/$S$4 -> 0.0032666527 | U160: 90 | V160: =U160/$U$4 -> 0.002657925 | W160: 98 | X160: =W160/$W$4 -> 0.0026078395 | Y160: 59 | Z160: =Y160/$Y$4 -> 0.0016818221 | AA160: 42 | AB160: =AA160/$AA$4 -> 0.0011947091 | AC160: 197 | AD160: =AC160/$AC$4 -> 0.0023232776 | AE160: 21 | AF160: =AE160/$AE$4 -> 0.0010788595 | AG160: 215 | AH160: 147 | AI160: 177 | AJ160: 123

Sheet CustomRegionSorting
M3: 2024 Pres | O3: 2022 US Sen | Q3: 2022 Gov | S3: 2020 Pres | U3: 2020 US Sen | W3: 2018 Gov RO | Y3: 2018 Gov Int.
G4: =SUM(G6:G164) -> 0 | H4: =SUM(H6:H164) -> 1 | I4: =SUM(I6:I164) -> 0 | J4: =SUM(J6:J164) -> 1 | K4: =SUM(K6:K164) -> 894778.75 | L4: =SUM(L6:L164) -> 1 | M4: =SUM(M6:M164) -> 588947 | N4: =SUM(N6:N164) -> 1 | ... Z4: =SUM(Z6:Z164) -> 1 | AB4: 2022 Primary (i360)
A5: COUNT | B5: REGION | C5: Custom Geo I | D5: Custom Geo II | E5: DMA | F5: County | G5: Average | H5: Avg % | I5: Pres Yr Avg | J5: Pres Yr Avg % | K5: Off Yr Avg | L5: Off Yr Avg % | M5: Total | N5: % Cont. | O5: Total | P5: % Cont. | Q5: Total | R5: % Cont. | S5: Trump Total | T5: % Cont. | U5: Perdue Total | V5: % Cont. | W5: Total | X5: % Cont. | Y5: Total | Z5: % Cont. | AA5: Individuals | AB5: Mailing Addresses | AC5: Total Phones (LL + Cell) | AD5: Cells
A6: 79 | C6: S GA | D6: Very Small | E6: Savannah | F6: Appling | H6: =AVERAGE(N6,P6,R6,T6,V6,X6,Z6) -> 0.0031459549 | J6: =AVERAGE(N6,T6,V6) -> 0.0033401845 | K6: =AVERAGE(O6,Q6,W6,Y6) -> 2727.5 | L6: =AVERAGE(P6,R6,X6,Z6) -> 0.0030002827 | M6: 1902 | N6: =M6/$M$4 -> 0.0032294926 | O6: 3703 | P6: =O6/$O$4 -> 0.0031417966 | Q6: 3781 | R6: =Q6/$Q$4 -> 0.0031384313 | S6: 3238 | T6: =S6/$S$4 -> 0.0034179481 | U6: 3348 | V6: =U6/$U$4 -> 0.0033731128 | W6: 1510 | X6: =W6/$W$4 -> 0.0025666871 | Y6: 1916 | Z6: =Y6/$Y$4 -> 0.0031542158 | AA6: 3622 | AB6: 2374 | AC6: 2793 | AD6: 1824
A7: 140 | C7: S GA | D7: Micro | E7: Albany | F7: Atkinson | H7: =AVERAGE(N7,P7,R7,T7,V7,X7,Z7) -> 0.00097444408 | J7: =AVERAGE(N7,T7,V7) -> 0.0011612557 | K7: =AVERAGE(O7,Q7,W7,Y7) -> 744.25 | L7: =AVERAGE(P7,R7,X7,Z7) -> 0.00083433535 | M7: 477 | N7: =M7/$M$4 -> 0.00080992008 | O7: 976 | P7: =O7/$O$4 -> 0.00082808357 | Q7: 997 | R7: =Q7/$Q$4 -> 0.00082756308 | S7: 1361 | T7: =S7/$S$4 -> 0.001436636 | U7: 1228 | V7: =U7/$U$4 -> 0.001237211 | W7: 539 | X7: =W7/$W$4 -> 0.00091618832 | Y7: 465 | Z7: =Y7/$Y$4 -> 0.00076550644 | AA7: 953 | AB7: 674 | AC7: 774 | AD7: 419
A8: 108 | C8: S GA | D8: Very Small | E8: Savannah | F8: Bacon | H8: =AVERAGE(N8,P8,R8,T8,V8,X8,Z8) -> 0.0018801068 | J8: =AVERAGE(N8,T8,V8) -> 0.0021862653 | K8: =AVERAGE(O8,Q8,W8,Y8) -> 1572.5 | L8: =AVERAGE(P8,R8,X8,Z8) -> 0.0016504879 | M8: 1113 | N8: =M8/$M$4 -> 0.0018898135 | O8: 2312 | P8: =O8/$O$4 -> 0.0019616078 | Q8: 2388 | R8: =Q8/$Q$4 -> 0.0019821671 | S8: 2310 | T8: =S8/$S$4 -> 0.0024383756 | U8: 2214 | V8: =U8/$U$4 -> 0.0022306069 | W8: 759 | X8: =W8/$W$4 -> 0.0012901427 | Y8: 831 | Z8: =Y8/$Y$4 -> 0.0013680341 | AA8: 2252 | AB8: 1525 | AC8: 1757 | AD8: 1134
A9: 152 | C9: S GA | D9: Micro | E9: Albany | F9: Baker | H9: =AVERAGE(N9,P9,R9,T9,V9,X9,Z9) -> 0.00030756254 | J9: =AVERAGE(N9,T9,V9) -> 0.0001886895 | K9: =AVERAGE(O9,Q9,W9,Y9) -> 355.75 | L9: =AVERAGE(P9,R9,X9,Z9) -> 0.00039671732 | M9: 255 | N9: =M9/$M$4 -> 0.00043297614 | O9: 474 | P9: =O9/$O$4 -> 0.00040216354 | Q9: 480 | R9: =Q9/$Q$4 -> 0.00039842555 | S9: 65 | T9: =S9/$S$4 -> 6.86123e-05 | U9: 64 | V9: =U9/$U$4 -> 6.4480054e-05 | W9: 265 | X9: =W9/$W$4 -> 0.00045044509 | Y9: 204 | Z9: =Y9/$Y$4 -> 0.00033583509 | AA9: 441 | AB9: 297 | AC9: 338 | AD9: 249
A10: 62 | C10: Middle GA | D10: Very Small | E10: Macon | F10: Baldwin | H10: =AVERAGE(N10,P10,R10,T10,V10,X10,Z10) -> 0.0040096836 | J10: =AVERAGE(N10,T10,V10) -> 0.0039003399 | K10: =AVERAGE(O10,Q10,W10,Y10) -> 3637.75 | L10: =AVERAGE(P10,R10,X10,Z10) -> 0.0040916913 | M10: 2419 | N10: =M10/$M$4 -> 0.0041073305 | O10: 4756 | P10: =O10/$O$4 -> 0.0040352105 | Q10: 4820 | R10: =Q10/$Q$4 -> 0.0040008566 | S10: 3587 | T10: =S10/$S$4 -> 0.0037863434 | U10: 3779 | V10: =U10/$U$4 -> 0.0038073457 | W10: 2626 | X10: =W10/$W$4 -> 0.0044636559 | Y10: 2349 | Z10: =Y10/$Y$4 -> 0.0038670422 | AA10: 4605 | AB10: 3045 | AC10: 4124 | AD10: 2953
A11: 77 | C11: N GA | D11: Very Small | E11: Atlanta | F11: Banks | H11: =AVERAGE(N11,P11,R11,T11,V11,X11,Z11) -> 0.0035135366 | J11: =AVERAGE(N11,T11,V11) -> 0.0035604001 | K11: =AVERAGE(O11,Q11,W11,Y11) -> 3009.5 | L11: =AVERAGE(P11,R11,X11,Z11) -> 0.0034783889 | M11: 1888 | N11: =M11/$M$4 -> 0.0032057214 | O11: 3715 | P11: =O11/$O$4 -> 0.0031519779 | Q11: 3742 | R11: =Q11/$Q$4 -> 0.0031060592 | S11: 3622 | T11: =S11/$S$4 -> 0.0038232885 | U11: 3625 | V11: =U11/$U$4 -> 0.0036521906 | W11: 2130 | X11: =W11/$W$4 -> 0.0036205587 | Y11: 2451 | Z11: =Y11/$Y$4 -> 0.0040349598 | AA11: 3801 | AB11: 2496 | AC11: 3264 | AD11: 2603
A12: 25 | B12: 5 | C12: Athens Area | D12: Small | E12: Atlanta | F12: Barrow | H12: =AVERAGE(N12,P12,R12,T12,V12,X12,Z12) -> 0.0092403828 | J12: =AVERAGE(N12,T12,V12) -> 0.0091075493 | K12: =AVERAGE(O12,Q12,W12,Y12) -> 8464.5 | L12: =AVERAGE(P12,R12,X12,Z12) -> 0.009340008 | M12: 5444 | N12: =M12/$M$4 -> 0.0092436161 | O12: 11483 | P12: =O12/$O$4 -> 0.0097427087 | Q12: 11662 | R12: =Q12/$Q$4 -> 0.0096800809 | S12: 8476 | T12: =S12/$S$4 -> 0.008947044 | U12: 9064 | V12: =U12/$U$4 -> 0.0091319876 | W12: 5621 | X12: =W12/$W$4 -> 0.0095545353 | Y12: 5092 | Z12: =Y12/$Y$4 -> 0.0083827071 | AA12: 11319 | AB12: 7489 | AC12: 10248 | AD12: 8696
A13: 17 | B13: 4 | C13: NW GA | D13: Mid-Small | E13: Atlanta | F13: Bartow | H13: =AVERAGE(N13,P13,R13,T13,V13,X13,Z13) -> 0.01363664 | J13: =AVERAGE(N13,T13,V13) -> 0.014750758 | K13: =AVERAGE(O13,Q13,W13,Y13) -> 11692.5 | L13: =AVERAGE(P13,R13,X13,Z13) -> 0.012801051 | M13: 8252 | N13: =M13/$M$4 -> 0.014011448 | O13: 16057 | P13: =O13/$O$4 -> 0.013623502 | Q13: 16396 | R13: =Q13/$Q$4 -> 0.013609553 | S13: 14559 | T13: =S13/$S$4 -> 0.0153681 | U13: 14762 | V13: =U13/$U$4 -> 0.014872727 | W13: 7504 | X13: =W13/$W$4 -> 0.012755245 | Y13: 6813 | Z13: =Y13/$Y$4 -> 0.011215904 | AA13: 16094 | AB13: 10696 | AC13: 14150 | AD13: 12036
A14: 115 | C14: S GA | D14: Very Small | E14: Albany | F14: Ben Hill | H14: =AVERAGE(N14,P14,R14,T14,V14,X14,Z14) -> 0.0016246706 | J14: =AVERAGE(N14,T14,V14) -> 0.0017484814 | K14: =AVERAGE(O14,Q14,W14,Y14) -> 1383.75 | L14: =AVERAGE(P14,R14,X14,Z14) -> 0.0015318125 | M14: 1168 | N14: =M14/$M$4 -> 0.0019832005 | O14: 1869 | P14: =O14/$O$4 -> 0.0015857461 | Q14: 1884 | R14: =Q14/$Q$4 -> 0.0015638203 | S14: 1529 | T14: =S14/$S$4 -> 0.0016139724 | U14: 1636 | V14: =U14/$U$4 -> 0.0016482714 | W14: 823 | X14: =W14/$W$4 -> 0.0013989295 | Y14: 959 | Z14: =Y14/$Y$4 -> 0.0015787542 | AA14: 1786 | AB14: 1255 | AC14: 1607 | AD14: 1059
A15: 84 | C15: S GA | D15: Very Small | E15: Albany | F15: Berrien | H15: =AVERAGE(N15,P15,R15,T15,V15,X15,Z15) -> 0.0028550419 | J15: =AVERAGE(N15,T15,V15) -> 0.0029970168 | K15: =AVERAGE(O15,Q15,W15,Y15) -> 2466.5 | L15: =AVERAGE(P15,R15,X15,Z15) -> 0.0027485607 | M15: 1572 | N15: =M15/$M$4 -> 0.0026691706 | O15: 3280 | P15: =O15/$O$4 -> 0.0027829038 | Q15: 3321 | R15: =Q15/$Q$4 -> 0.0027566068 | S15: 3014 | T15: =S15/$S$4 -> 0.0031814996 | U15: 3117 | V15: =U15/$U$4 -> 0.0031403801 | W15: 1489 | X15: =W15/$W$4 -> 0.0025309915 | Y15: 1776 | Z15: =Y15/$Y$4 -> 0.0029237407 | AA15: 3144 | AB15: 2159 | AC15: 2461 | AD15: 1678
A16: 18 | B16: 8 | C16: Macon Metro | D16: Mid-Small | E16: Macon | F16: Bibb | H16: =AVERAGE(N16,P16,R16,T16,V16,X16,Z16) -> 0.012062971 | J16: =AVERAGE(N16,T16,V16) -> 0.011084104 | K16: =AVERAGE(O16,Q16,W16,Y16) -> 11017 | L16: =AVERAGE(P16,R16,X16,Z16) -> 0.012797121 | M16: 5849 | N16: =M16/$M$4 -> 0.0099312841 | O16: 13403 | P16: =O16/$O$4 -> 0.011371726 | Q16: 13624 | R16: =Q16/$Q$4 -> 0.011308645 | S16: 11137 | T16: =S16/$S$4 -> 0.011755926 | U16: 11479 | V16: =U16/$U$4 -> 0.011565102 | W16: 8486 | X16: =W16/$W$4 -> 0.014424442 | Y16: 8555 | Z16: =Y16/$Y$4 -> 0.014083672 | AA16: 12809 | AB16: 8809 | AC16: 11116 | AD16: 8289
A17: 101 | C17: Middle GA | D17: Very Small | E17: Macon | F17: Bleckley | H17: =AVERAGE(N17,P17,R17,T17,V17,X17,Z17) -> 0.0020381811 | J17: =AVERAGE(N17,T17,V17) -> 0.0017844573 | K17: =AVERAGE(O17,Q17,W17,Y17) -> 1969.25 | L17: =AVERAGE(P17,R17,X17,Z17) -> 0.0022284739 | M17: 1064 | N17: =M17/$M$4 -> 0.0018066142 | O17: 2537 | P17: =O17/$O$4 -> 0.0021525082 | Q17: 2563 | R17: =Q17/$Q$4 -> 0.0021274265 | S17: 1684 | T17: =S17/$S$4 -> 0.0017775864 | U17: 1756 | V17: =U17/$U$4 -> 0.0017691715 | W17: 1164 | X17: =W17/$W$4 -> 0.0019785588 | Y17: 1613 | Z17: =Y17/$Y$4 -> 0.0026554019 | AA17: 2426 | AB17: 1576 | AC17: 1990 | AD17: 1406
A18: 100 | C18: S GA | D18: Very Small | E18: Jacksonville, FL | F18: Brantley | H18: =AVERAGE(N18,P18,R18,T18,V18,X18,Z18) -> 0.0026902095 | J18: =AVERAGE(N18,T18,V18) -> 0.0032319599 | K18: =AVERAGE(O18,Q18,W18,Y18) -> 2144.75 | L18: =AVERAGE(P18,R18,X18,Z18) -> 0.0022838968 | M18: 1670 | N18: =M18/$M$4 -> 0.0028355692 | O18: 3084 | P18: =O18/$O$4 -> 0.0026166083 | Q18: 3158 | R18: =Q18/$Q$4 -> 0.0026213081 | S18: 3442 | T18: =S18/$S$4 -> 0.0036332852 | U18: 3203 | V18: =U18/$U$4 -> 0.0032270252 | W18: 941 | X18: =W18/$W$4 -> 0.001599505 | Y18: 1396 | Z18: =Y18/$Y$4 -> 0.0022981656 | AA18: 3075 | AB18: 2092 | AC18: 2537 | AD18: 1853
A19: 111 | C19: S GA | D19: Very Small | E19: Tallahassee, FL | F19: Brooks | H19: =AVERAGE(N19,P19,R19,T19,V19,X19,Z19) -> 0.0017090922 | J19: =AVERAGE(N19,T19,V19) -> 0.0017177903 | K19: =AVERAGE(O19,Q19,W19,Y19) -> 1521 | L19: =AVERAGE(P19,R19,X19,Z19) -> 0.0017025686 | M19: 1011 | N19: =M19/$M$4 -> 0.0017166231 | O19: 2004 | P19: =O19/$O$4 -> 0.0017002864 | Q19: 2022 | R19: =Q19/$Q$4 -> 0.0016783677 | S19: 1680 | T19: =S19/$S$4 -> 0.0017733641 | U19: 1651 | V19: =U19/$U$4 -> 0.0016633839 | W19: 815 | X19: =W19/$W$4 -> 0.0013853311 | Y19: 1243 | Z19: =Y19/$Y$4 -> 0.0020462893 | AA19: 1946 | AB19: 1311 | AC19: 1601 | AD19: 1136
A20: 56 | C20: Coastal GA | D20: Very Small | E20: Savannah | F20: Bryan | H20: =AVERAGE(N20,P20,R20,T20,V20,X20,Z20) -> 0.0048671295 | J20: =AVERAGE(N20,T20,V20) -> 0.0055361188 | K20: =AVERAGE(O20,Q20,W20,Y20) -> 4135 | L20: =AVERAGE(P20,R20,X20,Z20) -> 0.0043653876 | M20: 2896 | N20: =M20/$M$4 -> 0.0049172506 | O20: 6045 | P20: =O20/$O$4 -> 0.0051288578 | Q20: 6195 | R20: =Q20/$Q$4 -> 0.0051421798 | S20: 5639 | T20: =S20/$S$4 -> 0.005952381 | U20: 5696 | V20: =U20/$U$4 -> 0.0057387248 | W20: 2085 | X20: =W20/$W$4 -> 0.003544068 | Y20: 2215 | Z20: =Y20/$Y$4 -> 0.0036464447 | AA20: 5730 | AB20: 3817 | AC20: 4808 | AD20: 3898
A21: 34 | B21: 10 | C21: S GA | D21: Small | E21: Savannah | F21: Bulloch | H21: =AVERAGE(N21,P21,R21,T21,V21,X21,Z21) -> 0.0077814113 | J21: =AVERAGE(N21,T21,V21) -> 0.0083276094 | K21: =AVERAGE(O21,Q21,W21,Y21) -> 6663.5 | L21: =AVERAGE(P21,R21,X21,Z21) -> 0.0073717626 | M21: 3903 | N21: =M21/$M$4 -> 0.0066270819 | O21: 8985 | P21: =O21/$O$4 -> 0.0076232899 | Q21: 9105 | R21: =Q21/$Q$4 -> 0.0075576347 | S21: 8846 | T21: =S21/$S$4 -> 0.0093376063 | U21: 8951 | V21: =U21/$U$4 -> 0.0090181401 | W21: 3878 | X21: =W21/$W$4 -> 0.0065917965 | Y21: 4686 | Z21: =Y21/$Y$4 -> 0.0077143295 | AA21: 8888 | AB21: 6007 | AC21: 7755 | AD21: 6066
A22: 104 | C22: Middle GA | D22: Very Small | E22: Augusta | F22: Burke | H22: =AVERAGE(N22,P22,R22,T22,V22,X22,Z22) -> 0.0019059447 | J22: =AVERAGE(N22,T22,V22) -> 0.0018096825 | K22: =AVERAGE(O22,Q22,W22,Y22) -> 1822.25 | L22: =AVERAGE(P22,R22,X22,Z22) -> 0.0019781414 | M22: 1275 | N22: =M22/$M$4 -> 0.0021648807 | O22: 2550 | P22: =O22/$O$4 -> 0.002163538 | Q22: 2583 | R22: =Q22/$Q$4 -> 0.0021440275 | S22: 1569 | T22: =S22/$S$4 -> 0.0016561954 | U22: 1596 | V22: =U22/$U$4 -> 0.0016079713 | W22: 1040 | X22: =W22/$W$4 -> 0.0017677845 | Y22: 1116 | Z22: =Y22/$Y$4 -> 0.0018372155 | AA22: 2488 | AB22: 1700 | AC22: 2042 | AD22: 1525
A23: 75 | C23: Macon Metro | D23: Very Small | E23: Atlanta | F23: Butts | H23: =AVERAGE(N23,P23,R23,T23,V23,X23,Z23) -> 0.0036082044 | J23: =AVERAGE(N23,T23,V23) -> 0.0038204146 | K23: =AVERAGE(O23,Q23,W23,Y23) -> 3128.5 | L23: =AVERAGE(P23,R23,X23,Z23) -> 0.0034490468 | M23: 2495 | N23: =M23/$M$4 -> 0.0042363744 | O23: 4239 | P23: =O23/$O$4 -> 0.0035965638 | Q23: 4335 | R23: =Q23/$Q$4 -> 0.0035982808 | S23: 3313 | T23: =S23/$S$4 -> 0.0034971162 | U23: 3700 | V23: =U23/$U$4 -> 0.0037277531 | W23: 2150 | X23: =W23/$W$4 -> 0.0036545545 | Y23: 1790 | Z23: =Y23/$Y$4 -> 0.0029467882 | AA23: 4169 | AB23: 2735 | AC23: 3619 | AD23: 2816
A24: 153 | C24: S GA | D24: Micro | E24: Albany | F24: Calhoun | H24: =AVERAGE(N24,P24,R24,T24,V24,X24,Z24) -> 0.00030401219 | J24: =AVERAGE(N24,T24,V24) -> 0.00022985827 | K24: =AVERAGE(O24,Q24,W24,Y24) -> 327.5 | L24: =AVERAGE(P24,R24,X24,Z24) -> 0.00035962764 | M24: 217 | N24: =M24/$M$4 -> 0.00036845421 | O24: 448 | P24: =O24/$O$4 -> 0.00038010393 | Q24: 455 | R24: =Q24/$Q$4 -> 0.00037767422 | S24: 162 | T24: =S24/$S$4 -> 0.00017100296 | U24: 149 | V24: =U24/$U$4 -> 0.00015011763 | W24: 200 | X24: =W24/$W$4 -> 0.00033995856 | Y24: 207 | Z24: =Y24/$Y$4 -> 0.00034077384 | AA24: 387 | AB24: 271 | AC24: 306 | AD24: 191
A25: 48 | B25: 15 | C25: Coastal GA | D25: Small | E25: Jacksonville, FL | F25: Camden | H25: =AVERAGE(N25,P25,R25,T25,V25,X25,Z25) -> 0.0053651702 | J25: =AVERAGE(N25,T25,V25) -> 0.0055387444 | K25: =AVERAGE(O25,Q25,W25,Y25) -> 4783.5 | L25: =AVERAGE(P25,R25,X25,Z25) -> 0.0052349896 | M25: 4026 | N25: =M25/$M$4 -> 0.0068359292 | O25: 6548 | P25: =O25/$O$4 -> 0.0055556263 | Q25: 6697 | R25: =Q25/$Q$4 -> 0.0055588665 | S25: 4600 | T25: =S25/$S$4 -> 0.0048556397 | U25: 4888 | V25: =U25/$U$4 -> 0.0049246641 | W25: 2441 | X25: =W25/$W$4 -> 0.0041491942 | Y25: 3448 | Z25: =Y25/$Y$4 -> 0.0056762714 | AA25: 6534 | AB25: 4401 | AC25: 5686 | AD25: 4361
A26: 128 | C26: S GA | D26: Very Small | E26: Savannah | F26: Candler | H26: =AVERAGE(N26,P26,R26,T26,V26,X26,Z26) -> 0.0012671629 | J26: =AVERAGE(N26,T26,V26) -> 0.0014851596 | K26: =AVERAGE(O26,Q26,W26,Y26) -> 995 | L26: =AVERAGE(P26,R26,X26,Z26) -> 0.0011036654 | M26: 765 | N26: =M26/$M$4 -> 0.0012989284 | O26: 1341 | P26: =O26/$O$4 -> 0.0011377665 | Q26: 1347 | R26: =Q26/$Q$4 -> 0.0011180817 | S26: 1510 | T26: =S26/$S$4 -> 0.0015939165 | U26: 1551 | V26: =U26/$U$4 -> 0.0015626338 | W26: 595 | X26: =W26/$W$4 -> 0.0010113767 | Y26: 697 | Z26: =Y26/$Y$4 -> 0.0011474365 | AA26: 1308 | AB26: 898 | AC26: 1125 | AD26: 807
A27: 15 | B27: 4 | C27: Greater Metro Atlanta | D27: Mid-Small | E27: Atlanta | F27: Carroll | H27: =AVERAGE(N27,P27,R27,T27,V27,X27,Z27) -> 0.015650967 | J27: =AVERAGE(N27,T27,V27) -> 0.016058008 | K27: =AVERAGE(O27,Q27,W27,Y27) -> 13721.25 | L27: =AVERAGE(P27,R27,X27,Z27) -> 0.015345685 | M27: 9397 | N27: =M27/$M$4 -> 0.015955595 | O27: 18084 | P27: =O27/$O$4 -> 0.015343303 | Q27: 18383 | R27: =Q27/$Q$4 -> 0.015258869 | S27: 15290 | T27: =S27/$S$4 -> 0.016139724 | U27: 15959 | V27: =U27/$U$4 -> 0.016078706 | W27: 8590 | X27: =W27/$W$4 -> 0.01460122 | Y27: 9828 | Z27: =Y27/$Y$4 -> 0.016179349 | AA27: 18038 | AB27: 11833 | AC27: 15819 | AD27: 12706
A28: 30 | B28: 13 | C28: NW GA | D28: Small | E28: Chattanooga | F28: Catoosa | H28: =AVERAGE(N28,P28,R28,T28,V28,X28,Z28) -> 0.0091618507 | J28: =AVERAGE(N28,T28,V28) -> 0.011450845 | K28: =AVERAGE(O28,Q28,W28,Y28) -> 7249.75 | L28: =AVERAGE(P28,R28,X28,Z28) -> 0.0074451051 | M28: 8273 | N28: =M28/$M$4 -> 0.014047104 | O28: 11128 | P28: =O28/$O$4 -> 0.0094415102 | Q28: 11311 | R28: =Q28/$Q$4 -> 0.0093887322 | S28: 9604 | T28: =S28/$S$4 -> 0.010137731 | U28: 10092 | V28: =U28/$U$4 -> 0.010167699 | W28: 2816 | X28: =W28/$W$4 -> 0.0047866165 | Y28: 3744 | Z28: =Y28/$Y$4 -> 0.0061635616 | AA28: 8708 | AB28: 6144 | AC28: 7709 | AD28: 5908
A29: 127 | C29: S GA | D29: Very Small | E29: Jacksonville, FL | F29: Charlton | H29: =AVERAGE(N29,P29,R29,T29,V29,X29,Z29) -> 0.0013807171 | J29: =AVERAGE(N29,T29,V29) -> 0.0018021331 | K29: =AVERAGE(O29,Q29,W29,Y29) -> 1008 | L29: =AVERAGE(P29,R29,X29,Z29) -> 0.0010646552 | M29: 831 | N29: =M29/$M$4 -> 0.0014109928 | O29: 1478 | P29: =O29/$O$4 -> 0.0012540036 | Q29: 1502 | R29: =Q29/$Q$4 -> 0.00124674 | S29: 1921 | T29: =S29/$S$4 -> 0.0020277574 | U29: 1953 | V29: =U29/$U$4 -> 0.0019676491 | W29: 486 | X29: =W29/$W$4 -> 0.0008260993 | Y29: 566 | Z29: =Y29/$Y$4 -> 0.00093177774 | AA29: 1397 | AB29: 936 | AC29: 1132 | AD29: 813
A30: 9 | B30: 10 | C30: Coastal GA | D30: Mid-Large | E30: Savannah | F30: Chatham | H30: =AVERAGE(N30,P30,R30,T30,V30,X30,Z30) -> 0.019819788 | J30: =AVERAGE(N30,T30,V30) -> 0.018799312 | K30: =AVERAGE(O30,Q30,W30,Y30) -> 18727.75 | L30: =AVERAGE(P30,R30,X30,Z30) -> 0.020585145 | M30: 10055 | N30: =M30/$M$4 -> 0.017072844 | O30: 25455 | P30: =O30/$O$4 -> 0.0215972 | Q30: 26113 | R30: =Q30/$Q$4 -> 0.02167518 | S30: 18680 | T30: =S30/$S$4 -> 0.01971812 | U30: 19461 | V30: =U30/$U$4 -> 0.019606974 | W30: 11949 | X30: =W30/$W$4 -> 0.020310824 | Y30: 11394 | Z30: =Y30/$Y$4 -> 0.018757377 | AA30: 24415 | AB30: 16957 | AC30: 20970 | AD30: 16663
A31: 158 | C31: Columbus/Phenix | D31: Micro | E31: Columbus | F31: Chattahoochee | H31: =AVERAGE(N31,P31,R31,T31,V31,X31,Z31) -> 0.00029812477 | J31: =AVERAGE(N31,T31,V31) -> 0.00029864424 | K31: =AVERAGE(O31,Q31,W31,Y31) -> 256.25 | L31: =AVERAGE(P31,R31,X31,Z31) -> 0.00029773517 | M31: 230 | N31: =M31/$M$4 -> 0.0003905275 | O31: 308 | P31: =O31/$O$4 -> 0.00026132146 | Q31: 320 | R31: =Q31/$Q$4 -> 0.00026561704 | S31: 244 | T31: =S31/$S$4 -> 0.00025756002 | U31: 246 | V31: =U31/$U$4 -> 0.00024784521 | W31: 195 | X31: =W31/$W$4 -> 0.0003314596 | Y31: 202 | Z31: =Y31/$Y$4 -> 0.00033254258 | AA31: 319 | AB31: 230 | AC31: 247 | AD31: 197
A32: 89 | C32: NW GA | D32: Very Small | E32: Atlanta | F32: Chattooga | H32: =AVERAGE(N32,P32,R32,T32,V32,X32,Z32) -> 0.0032806526 | J32: =AVERAGE(N32,T32,V32) -> 0.004223166 | K32: =AVERAGE(O32,Q32,W32,Y32) -> 2413.25 | L32: =AVERAGE(P32,R32,X32,Z32) -> 0.0025737675 | M32: 2356 | N32: =M32/$M$4 -> 0.00400036 | O32: 3467 | P32: =O32/$O$4 -> 0.0029415633 | Q32: 3546 | R32: =Q32/$Q$4 -> 0.0029433688 | S32: 4225 | T32: =S32/$S$4 -> 0.0044597995 | U32: 4178 | V32: =U32/$U$4 -> 0.0042093385 | W32: 1196 | X32: =W32/$W$4 -> 0.0020329522 | Y32: 1444 | Z32: =Y32/$Y$4 -> 0.0023771856 | AA32: 3406 | AB32: 2363 | AC32: 2853 | AD32: 2029
A33: 4 | B33: 1 | C33: Greater Metro Atlanta | D33: Large | E33: Atlanta | F33: Cherokee | H33: =AVERAGE(N33,P33,R33,T33,V33,X33,Z33) -> 0.039404689 | J33: =AVERAGE(N33,T33,V33) -> 0.039947742 | K33: =AVERAGE(O33,Q33,W33,Y33) -> 36133.25 | L33: =AVERAGE(P33,R33,X33,Z33) -> 0.0389974 | M33: 26317 | N33: =M33/$M$4 -> 0.044684836 | O33: 50700 | P33: =O33/$O$4 -> 0.043016227 | Q33: 52199 | R33: =Q33/$Q$4 -> 0.043327949 | S33: 35457 | T33: =S33/$S$4 -> 0.037427482 | U33: 37450 | V33: =U33/$U$4 -> 0.037730907 | W33: 20646 | X33: =W33/$W$4 -> 0.035093922 | Y33: 20988 | Z33: =Y33/$Y$4 -> 0.034551504 | AA33: 51300 | AB33: 33370 | AC33: 45812 | AD33: 39190
A34: 32 | B34: 14 | C34: Athens Area | D34: Small | E34: Atlanta | F34: Clarke | H34: =AVERAGE(N34,P34,R34,T34,V34,X34,Z34) -> 0.0067541115 | J34: =AVERAGE(N34,T34,V34) -> 0.0054372442 | K34: =AVERAGE(O34,Q34,W34,Y34) -> 6923.5 | L34: =AVERAGE(P34,R34,X34,Z34) -> 0.0077417619 | M34: 3319 | N34: =M34/$M$4 -> 0.0056354816 | O34: 9101 | P34: =O34/$O$4 -> 0.0077217096 | Q34: 9312 | R34: =Q34/$Q$4 -> 0.0077294558 | S34: 5004 | T34: =S34/$S$4 -> 0.0052820916 | U34: 5354 | V34: =U34/$U$4 -> 0.0053941595 | W34: 4427 | X34: =W34/$W$4 -> 0.0075249827 | Y34: 4854 | Z34: =Y34/$Y$4 -> 0.0079908995 | AA34: 8825 | AB34: 6212 | AC34: 7754 | AD34: 6113
A35: 155 | C35: S GA | D35: Micro | E35: Columbus | F35: Clay | H35: =AVERAGE(N35,P35,R35,T35,V35,X35,Z35) -> 0.00030072787 | J35: =AVERAGE(N35,T35,V35) -> 0.00028219565 | K35: =AVERAGE(O35,Q35,W35,Y35) -> 271.25 | L35: =AVERAGE(P35,R35,X35,Z35) -> 0.00031462704 | M35: 162 | N35: =M35/$M$4 -> 0.0002750672 | O35: 331 | P35: =O35/$O$4 -> 0.00028083572 | Q35: 337 | R35: =Q35/$Q$4 -> 0.00027972794 | S35: 278 | T35: =S35/$S$4 -> 0.00029344953 | U35: 276 | V35: =U35/$U$4 -> 0.00027807023 | W35: 214 | X35: =W35/$W$4 -> 0.00036375566 | Y35: 203 | Z35: =Y35/$Y$4 -> 0.00033418883 | AA35: 324 | AB35: 234 | AC35: 237 | AD35: 159
A36: 57 | B36: 16 | C36: Metro Atlanta | D36: Very Small | E36: Atlanta | F36: Clayton | H36: =AVERAGE(N36,P36,R36,T36,V36,X36,Z36) -> 0.0047403749 | J36: =AVERAGE(N36,T36,V36) -> 0.0047862015 | K36: =AVERAGE(O36,Q36,W36,Y36) -> 4066.5 | L36: =AVERAGE(P36,R36,X36,Z36) -> 0.004706005 | M36: 2733 | N36: =M36/$M$4 -> 0.0046404855 | O36: 4960 | P36: =O36/$O$4 -> 0.0042082936 | Q36: 5112 | R36: =Q36/$Q$4 -> 0.0042432322 | S36: 4522 | T36: =S36/$S$4 -> 0.004773305 | U36: 4908 | V36: =U36/$U$4 -> 0.0049448141 | W36: 3280 | X36: =W36/$W$4 -> 0.0055753204 | Y36: 2914 | Z36: =Y36/$Y$4 -> 0.0047971737 | AA36: 4475 | AB36: 3289 | AC36: 4024 | AD36: 3072
A37: 146 | C37: S GA | D37: Micro | E37: Tallahassee, FL | F37: Clinch | H37: =AVERAGE(N37,P37,R37,T37,V37,X37,Z37) -> 0.00089259181 | J37: =AVERAGE(N37,T37,V37) -> 0.0012961766 | K37: =AVERAGE(O37,Q37,W37,Y37) -> 564.75 | L37: =AVERAGE(P37,R37,X37,Z37) -> 0.00058990324 | M37: 478 | N37: =M37/$M$4 -> 0.00081161802 | O37: 847 | P37: =O37/$O$4 -> 0.000718634 | Q37: 853 | R37: =Q37/$Q$4 -> 0.00070803541 | S37: 1530 | T37: =S37/$S$4 -> 0.001615028 | U37: 1451 | V37: =U37/$U$4 -> 0.0014618837 | W37: 237 | X37: =W37/$W$4 -> 0.00040285089 | Y37: 322 | Z37: =Y37/$Y$4 -> 0.00053009263 | AA37: 790 | AB37: 552 | AC37: 636 | AD37: 448
A38: 1 | B38: 3 | C38: Metro Atlanta | D38: Mega | E38: Atlanta | F38: Cobb | H38: =AVERAGE(N38,P38,R38,T38,V38,X38,Z38) -> 0.072741735 | J38: =AVERAGE(N38,T38,V38) -> 0.067606705 | K38: =AVERAGE(O38,Q38,W38,Y38) -> 68546.75 | L38: =AVERAGE(P38,R38,X38,Z38) -> 0.076593008 | M38: 39947 | N38: =M38/$M$4 -> 0.067827835 | O38: 90018 | P38: =O38/$O$4 -> 0.076375437 | Q38: 92923 | R38: =Q38/$Q$4 -> 0.077131037 | S38: 63696 | T38: =S38/$S$4 -> 0.067235832 | U38: 67252 | V38: =U38/$U$4 -> 0.067756447 | W38: 49527 | X38: =W38/$W$4 -> 0.084185638 | Y38: 41719 | Z38: =Y38/$Y$4 -> 0.068679921 | AA38: 83977 | AB38: 54927 | AC38: 76807 | AD38: 64497
A39: 76 | C39: S GA | D39: Very Small | E39: Albany | F39: Coffee | H39: =AVERAGE(N39,P39,R39,T39,V39,X39,Z39) -> 0.0038659324 | J39: =AVERAGE(N39,T39,V39) -> 0.0044946691 | K39: =AVERAGE(O39,Q39,W39,Y39) -> 3096.25 | L39: =AVERAGE(P39,R39,X39,Z39) -> 0.0033943799 | M39: 2039 | N39: =M39/$M$4 -> 0.0034621112 | O39: 4248 | P39: =O39/$O$4 -> 0.0036041998 | Q39: 4321 | R39: =Q39/$Q$4 -> 0.00358666 | S39: 4931 | T39: =S39/$S$4 -> 0.0052050347 | U39: 4781 | V39: =U39/$U$4 -> 0.0048168615 | W39: 1953 | X39: =W39/$W$4 -> 0.0033196953 | Y39: 1863 | Z39: =Y39/$Y$4 -> 0.0030669645 | AA39: 4141 | AB39: 2868 | AC39: 3336 | AD39: 1988
A40: 53 | B40: 17 | C40: S GA | D40: Very Small | E40: Albany | F40: Colquitt | H40: =AVERAGE(N40,P40,R40,T40,V40,X40,Z40) -> 0.0051036332 | J40: =AVERAGE(N40,T40,V40) -> 0.0052815383 | K40: =AVERAGE(O40,Q40,W40,Y40) -> 4406 | L40: =AVERAGE(P40,R40,X40,Z40) -> 0.0049702044 | M40: 3100 | N40: =M40/$M$4 -> 0.0052636315 | O40: 5722 | P40: =O40/$O$4 -> 0.0048548096 | Q40: 5769 | R40: =Q40/$Q$4 -> 0.0047885771 | S40: 5139 | T40: =S40/$S$4 -> 0.005424594 | U40: 5118 | V40: =U40/$U$4 -> 0.0051563893 | W40: 2633 | X40: =W40/$W$4 -> 0.0044755544 | Y40: 3500 | Z40: =Y40/$Y$4 -> 0.0057618765 | AA40: 5501 | AB40: 3729 | AC40: 4584 | AD40: 3001
A41: 8 | B41: 9 | C41: Augusta Area | D41: Large | E41: Augusta | F41: Columbia | H41: =AVERAGE(N41,P41,R41,T41,V41,X41,Z41) -> 0.021570911 | J41: =AVERAGE(N41,T41,V41) -> 0.019928593 | K41: =AVERAGE(O41,Q41,W41,Y41) -> 19559.75 | L41: =AVERAGE(P41,R41,X41,Z41) -> 0.02280265 | M41: 13437 | N41: =M41/$M$4 -> 0.022815296 | O41: 23595 | P41: =O41/$O$4 -> 0.02001909 | Q41: 24011 | R41: =Q41/$Q$4 -> 0.019930408 | S41: 17358 | T41: =S41/$S$4 -> 0.018322651 | U41: 18509 | V41: =U41/$U$4 -> 0.018647833 | W41: 15530 | X41: =W41/$W$4 -> 0.026397782 | Y41: 15103 | Z41: =Y41/$Y$4 -> 0.02486332 | AA41: 22892 | AB41: 14874 | AC41: 19440 | AD41: 15287
A42: 106 | C42: S GA | D42: Very Small | E42: Albany | F42: Cook | H42: =AVERAGE(N42,P42,R42,T42,V42,X42,Z42) -> 0.0019453567 | J42: =AVERAGE(N42,T42,V42) -> 0.0020005882 | K42: =AVERAGE(O42,Q42,W42,Y42) -> 1753 | L42: =AVERAGE(P42,R42,X42,Z42) -> 0.0019039331 | M42: 1142 | N42: =M42/$M$4 -> 0.0019390539 | O42: 2458 | P42: =O42/$O$4 -> 0.002085481 | Q42: 2476 | R42: =Q42/$Q$4 -> 0.0020552118 | S42: 1854 | T42: =S42/$S$4 -> 0.0019570339 | U42: 2090 | V42: =U42/$U$4 -> 0.0021056768 | W42: 1011 | X42: =W42/$W$4 -> 0.0017184905 | Y42: 1067 | Z42: =Y42/$Y$4 -> 0.0017565492 | AA42: 2349 | AB42: 1571 | AC42: 1899 | AD42: 1311
A43: 10 | B43: 6 | C43: Greater Metro Atlanta | D43: Mid-Large | E43: Atlanta | F43: Coweta | H43: =AVERAGE(N43,P43,R43,T43,V43,X43,Z43) -> 0.019142058 | J43: =AVERAGE(N43,T43,V43) -> 0.018623635 | K43: =AVERAGE(O43,Q43,W43,Y43) -> 18070.75 | L43: =AVERAGE(P43,R43,X43,Z43) -> 0.019530874 | M43: 11288 | N43: =M43/$M$4 -> 0.019166411 | O43: 25362 | P43: =O43/$O$4 -> 0.021518295 | Q43: 25974 | R43: =Q43/$Q$4 -> 0.021559803 | S43: 17274 | T43: =S43/$S$4 -> 0.018233983 | U43: 18333 | V43: =U43/$U$4 -> 0.018470513 | W43: 10485 | X43: =W43/$W$4 -> 0.017822327 | Y43: 10462 | Z43: =Y43/$Y$4 -> 0.017223072 | AA43: 25132 | AB43: 15981 | AC43: 21805 | AD43: 17476
A44: 109 | C44: Macon Metro | D44: Very Small | E44: Macon | F44: Crawford | H44: =AVERAGE(N44,P44,R44,T44,V44,X44,Z44) -> 0.0017357628 | J44: =AVERAGE(N44,T44,V44) -> 0.0017608808 | K44: =AVERAGE(O44,Q44,W44,Y44) -> 1541 | L44: =AVERAGE(P44,R44,X44,Z44) -> 0.0017169243 | M44: 1143 | N44: =M44/$M$4 -> 0.0019407519 | O44: 2056 | P44: =O44/$O$4 -> 0.0017444056 | Q44: 2073 | R44: =Q44/$Q$4 -> 0.0017207004 | S44: 1593 | T44: =S44/$S$4 -> 0.0016815291 | U44: 1648 | V44: =U44/$U$4 -> 0.0016603614 | W44: 980 | X44: =W44/$W$4 -> 0.0016657969 | Y44: 1055 | Z44: =Y44/$Y$4 -> 0.0017367942 | AA44: 1978 | AB44: 1312 | AC44: 1636 | AD44: 1231
A45: 102 | C45: S GA | D45: Very Small | E45: Albany | F45: Crisp | H45: =AVERAGE(N45,P45,R45,T45,V45,X45,Z45) -> 0.0023188848 | J45: =AVERAGE(N45,T45,V45) -> 0.0025646056 | K45: =AVERAGE(O45,Q45,W45,Y45) -> 1956.75 | L45: =AVERAGE(P45,R45,X45,Z45) -> 0.0021345943 | M45: 1203 | N45: =M45/$M$4 -> 0.0020426286 | O45: 2723 | P45: =O45/$O$4 -> 0.0023103192 | Q45: 2742 | R45: =Q45/$Q$4 -> 0.002276006 | S45: 2685 | T45: =S45/$S$4 -> 0.0028342158 | U45: 2796 | V45: =U45/$U$4 -> 0.0028169724 | W45: 1188 | X45: =W45/$W$4 -> 0.0020193538 | Y45: 1174 | Z45: =Y45/$Y$4 -> 0.001932698 | AA45: 2565 | AB45: 1757 | AC45: 2286 | AD45: 1717
A46: 92 | C46: NW GA | D46: Very Small | E46: Chattanooga | F46: Dade | H46: =AVERAGE(N46,P46,R46,T46,V46,X46,Z46) -> 0.0027779187 | J46: =AVERAGE(N46,T46,V46) -> 0.0030530724 | K46: =AVERAGE(O46,Q46,W46,Y46) -> 2318.25 | L46: =AVERAGE(P46,R46,X46,Z46) -> 0.0025715535 | M46: 1746 | N46: =M46/$M$4 -> 0.0029646131 | O46: 3069 | P46: =O46/$O$4 -> 0.0026038816 | Q46: 3169 | R46: =Q46/$Q$4 -> 0.0026304387 | S46: 3070 | T46: =S46/$S$4 -> 0.0032406117 | U46: 2932 | V46: =U46/$U$4 -> 0.0029539925 | W46: 1037 | X46: =W46/$W$4 -> 0.0017626851 | Y46: 1998 | Z46: =Y46/$Y$4 -> 0.0032892083 | AA46: 3056 | AB46: 2050 | AC46: 2416 | AD46: 1904
A47: 49 | B47: 1 | C47: N GA | D47: Small | E47: Atlanta | F47: Dawson | H47: =AVERAGE(N47,P47,R47,T47,V47,X47,Z47) -> 0.0057292261 | J47: =AVERAGE(N47,T47,V47) -> 0.0063451394 | K47: =AVERAGE(O47,Q47,W47,Y47) -> 4775.75 | L47: =AVERAGE(P47,R47,X47,Z47) -> 0.0052672911 | M47: 3691 | N47: =M47/$M$4 -> 0.0062671174 | O47: 6464 | P47: =O47/$O$4 -> 0.0054843568 | Q47: 6600 | R47: =Q47/$Q$4 -> 0.0054783514 | S47: 5978 | T47: =S47/$S$4 -> 0.0063102205 | U47: 6410 | V47: =U47/$U$4 -> 0.0064580804 | W47: 3077 | X47: =W47/$W$4 -> 0.0052302624 | Y47: 2962 | Z47: =Y47/$Y$4 -> 0.0048761937 | AA47: 6638 | AB47: 4300 | AC47: 5960 | AD47: 4902
A48: 99 | C48: S GA | D48: Very Small | E48: Tallahassee, FL | F48: Decatur | H48: =AVERAGE(N48,P48,R48,T48,V48,X48,Z48) -> 0.002160936 | J48: =AVERAGE(N48,T48,V48) -> 0.0018967441 | K48: =AVERAGE(O48,Q48,W48,Y48) -> 2172.75 | L48: =AVERAGE(P48,R48,X48,Z48) -> 0.0023590799 | M48: 1508 | N48: =M48/$M$4 -> 0.002560502 | O48: 3044 | P48: =O48/$O$4 -> 0.0025826705 | Q48: 3088 | R48: =Q48/$Q$4 -> 0.0025632044 | S48: 1497 | T48: =S48/$S$4 -> 0.0015801941 | U48: 1538 | V48: =U48/$U$4 -> 0.0015495363 | W48: 1451 | X48: =W48/$W$4 -> 0.0024663993 | Y48: 1108 | Z48: =Y48/$Y$4 -> 0.0018240455 | AA48: 2939 | AB48: 2005 | AC48: 2551 | AD48: 1850
A49: 7 | B49: 2 | C49: Metro Atlanta | D49: Large | E49: Atlanta | F49: DeKalb | H49: =AVERAGE(N49,P49,R49,T49,V49,X49,Z49) -> 0.023161581 | J49: =AVERAGE(N49,T49,V49) -> 0.019614646 | K49: =AVERAGE(O49,Q49,W49,Y49) -> 22915.75 | L49: =AVERAGE(P49,R49,X49,Z49) -> 0.025821783 | M49: 12595 | N49: =M49/$M$4 -> 0.021385626 | O49: 29395 | P49: =O49/$O$4 -> 0.024940078 | Q49: 30685 | R49: =Q49/$Q$4 -> 0.025470184 | S49: 17425 | T49: =S49/$S$4 -> 0.018393374 | U49: 18923 | V49: =U49/$U$4 -> 0.019064938 | W49: 16498 | X49: =W49/$W$4 -> 0.028043182 | Y49: 15085 | Z49: =Y49/$Y$4 -> 0.024833688 | AA49: 28258 | AB49: 20438 | AC49: 26134 | AD49: 21407
A50: 83 | C50: S GA | D50: Very Small | E50: Macon | F50: Dodge | H50: =AVERAGE(N50,P50,R50,T50,V50,X50,Z50) -> 0.0030967182 | J50: =AVERAGE(N50,T50,V50) -> 0.0035265447 | K50: =AVERAGE(O50,Q50,W50,Y50) -> 2507 | L50: =AVERAGE(P50,R50,X50,Z50) -> 0.0027743483 | M50: 1606 | N50: =M50/$M$4 -> 0.0027269007 | O50: 3390 | P50: =O50/$O$4 -> 0.0028762329 | Q50: 3421 | R50: =Q50/$Q$4 -> 0.0028396121 | S50: 3799 | T50: =S50/$S$4 -> 0.0040101251 | U50: 3814 | V50: =U50/$U$4 -> 0.0038426082 | W50: 1598 | X50: =W50/$W$4 -> 0.0027162689 | Y50: 1619 | Z50: =Y50/$Y$4 -> 0.0026652794 | AA50: 3139 | AB50: 2140 | AC50: 2646 | AD50: 1871
A51: 137 | C51: S GA | D51: Micro | E51: Macon | F51: Dooly | H51: =AVERAGE(N51,P51,R51,T51,V51,X51,Z51) -> 0.00084838572 | J51: =AVERAGE(N51,T51,V51) -> 0.00072891803 | K51: =AVERAGE(O51,Q51,W51,Y51) -> 839 | L51: =AVERAGE(P51,R51,X51,Z51) -> 0.00093798649 | M51: 600 | N51: =M51/$M$4 -> 0.0010187674 | O51: 1114 | P51: =O51/$O$4 -> 0.00094516916 | Q51: 1121 | R51: =Q51/$Q$4 -> 0.00093048968 | S51: 551 | T51: =S51/$S$4 -> 0.00058162119 | U51: 582 | V51: =U51/$U$4 -> 0.00058636549 | W51: 576 | X51: =W51/$W$4 -> 0.00097908065 | Y51: 545 | Z51: =Y51/$Y$4 -> 0.00089720648 | AA51: 1082 | AB51: 750 | AC51: 900 | AD51: 603
A52: 66 | B52: 17 | C52: S GA | D52: Very Small | E52: Albany | F52: Dougherty | H52: =AVERAGE(N52,P52,R52,T52,V52,X52,Z52) -> 0.0038422243 | J52: =AVERAGE(N52,T52,V52) -> 0.0036586013 | K52: =AVERAGE(O52,Q52,W52,Y52) -> 3424 | L52: =AVERAGE(P52,R52,X52,Z52) -> 0.0039799416 | M52: 2130 | N52: =M52/$M$4 -> 0.0036166242 | O52: 4164 | P52: =O52/$O$4 -> 0.0035329303 | Q52: 4218 | R52: =Q52/$Q$4 -> 0.0035011646 | S52: 3571 | T52: =S52/$S$4 -> 0.0037694542 | U52: 3563 | V52: =U52/$U$4 -> 0.0035897255 | W52: 2568 | X52: =W52/$W$4 -> 0.0043650679 | Y52: 2746 | Z52: =Y52/$Y$4 -> 0.0045206036 | AA52: 3889 | AB52: 2830 | AC52: 3486 | AD52: 2435
A53: 24 | B53: 3 | C53: Greater Metro Atlanta | D53: Small | E53: Atlanta | F53: Douglas | H53: =AVERAGE(N53,P53,R53,T53,V53,X53,Z53) -> 0.0093844624 | J53: =AVERAGE(N53,T53,V53) -> 0.0087141549 | K53: =AVERAGE(O53,Q53,W53,Y53) -> 8645.5 | L53: =AVERAGE(P53,R53,X53,Z53) -> 0.009887193 | M53: 5366 | N53: =M53/$M$4 -> 0.0091111764 | O53: 10878 | P53: =O53/$O$4 -> 0.0092293987 | Q53: 11091 | R53: =Q53/$Q$4 -> 0.0092061205 | S53: 8079 | T53: =S53/$S$4 -> 0.0085279812 | U53: 8440 | V53: =U53/$U$4 -> 0.0085033071 | W53: 6520 | X53: =W53/$W$4 -> 0.011082649 | Y53: 6093 | Z53: =Y53/$Y$4 -> 0.010030604 | AA53: 9758 | AB53: 6464 | AC53: 8828 | AD53: 7097
A54: 120 | C54: S GA | D54: Very Small | E54: Dothan, AL | F54: Early | H54: =AVERAGE(N54,P54,R54,T54,V54,X54,Z54) -> 0.001329179 | J54: =AVERAGE(N54,T54,V54) -> 0.0013200389 | K54: =AVERAGE(O54,Q54,W54,Y54) -> 1154.5 | L54: =AVERAGE(P54,R54,X54,Z54) -> 0.0013360341 | M54: 720 | N54: =M54/$M$4 -> 0.0012225209 | O54: 1421 | P54: =O54/$O$4 -> 0.0012056422 | Q54: 1432 | R54: =Q54/$Q$4 -> 0.0011886362 | S54: 1241 | T54: =S54/$S$4 -> 0.0013099672 | U54: 1417 | V54: =U54/$U$4 -> 0.0014276287 | W54: 826 | X54: =W54/$W$4 -> 0.0014040288 | Y54: 939 | Z54: =Y54/$Y$4 -> 0.0015458291 | AA54: 1348 | AB54: 914 | AC54: 1082 | AD54: 665
A55: 150 | C55: S GA | D55: Micro | E55: Tallahassee, FL | F55: Echols | H55: =AVERAGE(N55,P55,R55,T55,V55,X55,Z55) -> 0.00059855382 | J55: =AVERAGE(N55,T55,V55) -> 0.00073802848 | K55: =AVERAGE(O55,Q55,W55,Y55) -> 436.5 | L55: =AVERAGE(P55,R55,X55,Z55) -> 0.00049394782 | M55: 363 | N55: =M55/$M$4 -> 0.00061635427 | O55: 563 | P55: =O55/$O$4 -> 0.00047767526 | Q55: 567 | R55: =Q55/$Q$4 -> 0.00047064019 | S55: 772 | T55: =S55/$S$4 -> 0.00081490301 | U55: 777 | V55: =U55/$U$4 -> 0.00078282816 | W55: 250 | X55: =W55/$W$4 -> 0.0004249482 | Y55: 366 | Z55: =Y55/$Y$4 -> 0.00060252765 | AA55: 526 | AB55: 353 | AC55: 432 | AD55: 312
A56: 35 | B56: 10 | C56: Coastal GA | D56: Small | E56: Savannah | F56: Effingham | H56: =AVERAGE(N56,P56,R56,T56,V56,X56,Z56) -> 0.007731201 | J56: =AVERAGE(N56,T56,V56) -> 0.0085796994 | K56: =AVERAGE(O56,Q56,W56,Y56) -> 6611.5 | L56: =AVERAGE(P56,R56,X56,Z56) -> 0.0070948272 | M56: 4890 | N56: =M56/$M$4 -> 0.0083029543 | O56: 9433 | P56: =O56/$O$4 -> 0.0080033938 | Q56: 9582 | R56: =Q56/$Q$4 -> 0.0079535701 | S56: 8411 | T56: =S56/$S$4 -> 0.0088784317 | U56: 8494 | V56: =U56/$U$4 -> 0.0085577122 | W56: 3531 | X56: =W56/$W$4 -> 0.0060019684 | Y56: 3900 | Z56: =Y56/$Y$4 -> 0.0064203766 | AA56: 9172 | AB56: 6076 | AC56: 7794 | AD56: 6208
A57: 88 | C57: Middle GA | D57: Very Small | E57: Greenville, SC | F57: Elbert | H57: =AVERAGE(N57,P57,R57,T57,V57,X57,Z57) -> 0.0027956218 | J57: =AVERAGE(N57,T57,V57) -> 0.0029013053 | K57: =AVERAGE(O57,Q57,W57,Y57) -> 2413.75 | L57: =AVERAGE(P57,R57,X57,Z57) -> 0.0027163592 | M57: 1891 | N57: =M57/$M$4 -> 0.0032108152 | O57: 3139 | P57: =O57/$O$4 -> 0.0026632729 | Q57: 3182 | R57: =Q57/$Q$4 -> 0.0026412294 | S57: 2624 | T57: =S57/$S$4 -> 0.0027698258 | U57: 2703 | V57: =U57/$U$4 -> 0.0027232748 | W57: 1351 | X57: =W57/$W$4 -> 0.0022964201 | Y57: 1983 | Z57: =Y57/$Y$4 -> 0.0032645146 | AA57: 3106 | AB57: 2053 | AC57: 2702 | AD57: 1984
A58: 82 | C58: Middle GA | D58: Very Small | E58: Augusta | F58: Emanuel | H58: =AVERAGE(N58,P58,R58,T58,V58,X58,Z58) -> 0.0033452177 | J58: =AVERAGE(N58,T58,V58) -> 0.0040340927 | K58: =AVERAGE(O58,Q58,W58,Y58) -> 2513.25 | L58: =AVERAGE(P58,R58,X58,Z58) -> 0.0028285614 | M58: 1793 | N58: =M58/$M$4 -> 0.0030444166 | O58: 3278 | P58: =O58/$O$4 -> 0.0027812069 | Q58: 3312 | R58: =Q58/$Q$4 -> 0.0027491363 | S58: 4431 | T58: =S58/$S$4 -> 0.0046772477 | U58: 4348 | V58: =U58/$U$4 -> 0.0043806137 | W58: 1549 | X58: =W58/$W$4 -> 0.002632979 | Y58: 1914 | Z58: =Y58/$Y$4 -> 0.0031509233 | AA58: 3141 | AB58: 2173 | AC58: 2683 | AD58: 1976
A59: 121 | C59: S GA | D59: Very Small | E59: Savannah | F59: Evans | H59: =AVERAGE(N59,P59,R59,T59,V59,X59,Z59) -> 0.0013008503 | J59: =AVERAGE(N59,T59,V59) -> 0.001273392 | K59: =AVERAGE(O59,Q59,W59,Y59) -> 1146 | L59: =AVERAGE(P59,R59,X59,Z59) -> 0.001321444 | M59: 700 | N59: =M59/$M$4 -> 0.001188562 | O59: 1415 | P59: =O59/$O$4 -> 0.0012005515 | Q59: 1432 | R59: =Q59/$Q$4 -> 0.0011886362 | S59: 1216 | T59: =S59/$S$4 -> 0.0012835778 | U59: 1338 | V59: =U59/$U$4 -> 0.0013480361 | W59: 692 | X59: =W59/$W$4 -> 0.0011762566 | Y59: 1045 | Z59: =Y59/$Y$4 -> 0.0017203317 | AA59: 1338 | AB59: 915 | AC59: 1168 | AD59: 857
A60: 47 | B60: 11 | C60: N GA | D60: Small | E60: Atlanta | F60: Fannin | H60: =AVERAGE(N60,P60,R60,T60,V60,X60,Z60) -> 0.0057840533 | J60: =AVERAGE(N60,T60,V60) -> 0.0062094452 | K60: =AVERAGE(O60,Q60,W60,Y60) -> 4824.5 | L60: =AVERAGE(P60,R60,X60,Z60) -> 0.0054650094 | M60: 3753 | N60: =M60/$M$4 -> 0.00637239 | O60: 6160 | P60: =O60/$O$4 -> 0.0052264291 | Q60: 6335 | R60: =Q60/$Q$4 -> 0.0052583873 | S60: 5799 | T60: =S60/$S$4 -> 0.0061212728 | U60: 6089 | V60: =U60/$U$4 -> 0.0061346726 | W60: 3283 | X60: =W60/$W$4 -> 0.0055804197 | Y60: 3520 | Z60: =Y60/$Y$4 -> 0.0057948015 | AA60: 5937 | AB60: 4057 | AC60: 5224 | AD60: 3904
A61: 13 | B61: 6 | C61: Greater Metro Atlanta | D61: Mid-Large | E61: Atlanta | F61: Fayette | H61: =AVERAGE(N61,P61,R61,T61,V61,X61,Z61) -> 0.016983936 | J61: =AVERAGE(N61,T61,V61) -> 0.016094516 | K61: =AVERAGE(O61,Q61,W61,Y61) -> 15728 | L61: =AVERAGE(P61,R61,X61,Z61) -> 0.017651 | M61: 9880 | N61: =M61/$M$4 -> 0.016775703 | O61: 20500 | P61: =O61/$O$4 -> 0.017393149 | Q61: 21054 | R61: =Q61/$Q$4 -> 0.017475941 | S61: 14697 | T61: =S61/$S$4 -> 0.015513769 | U61: 15875 | V61: =U61/$U$4 -> 0.015994076 | W61: 10726 | X61: =W61/$W$4 -> 0.018231978 | Y61: 10632 | Z61: =Y61/$Y$4 -> 0.017502934 | AA61: 19504 | AB61: 12454 | AC61: 17407 | AD61: 13695
A62: 21 | B62: 4 | C62: NW GA | D62: Mid-Small | E62: Atlanta | F62: Floyd | H62: =AVERAGE(N62,P62,R62,T62,V62,X62,Z62) -> 0.012141048 | J62: =AVERAGE(N62,T62,V62) -> 0.013608509 | K62: =AVERAGE(O62,Q62,W62,Y62) -> 10021.25 | L62: =AVERAGE(P62,R62,X62,Z62) -> 0.011040452 | M62: 7679 | N62: =M62/$M$4 -> 0.013038525 | O62: 13538 | P62: =O62/$O$4 -> 0.011486266 | Q62: 13875 | R62: =Q62/$Q$4 -> 0.011516989 | S62: 13227 | T62: =S62/$S$4 -> 0.013962075 | U62: 13722 | V62: =U62/$U$4 -> 0.013824927 | W62: 5552 | X62: =W62/$W$4 -> 0.0094372496 | Y62: 7120 | Z62: =Y62/$Y$4 -> 0.011721303 | AA62: 13450 | AB62: 9165 | AC62: 12085 | AD62: 9692
A63: 5 | B63: 1 | C63: Greater Metro Atlanta | D63: Large | E63: Atlanta | F63: Forsyth | H63: =AVERAGE(N63,P63,R63,T63,V63,X63,Z63) -> 0.033917835 | J63: =AVERAGE(N63,T63,V63) -> 0.031692502 | K63: =AVERAGE(O63,Q63,W63,Y63) -> 31258.75 | L63: =AVERAGE(P63,R63,X63,Z63) -> 0.035586835 | M63: 19736 | N63: =M63/$M$4 -> 0.033510655 | O63: 39491 | P63: =O63/$O$4 -> 0.033505992 | Q63: 40466 | R63: =Q63/$Q$4 -> 0.033588934 | S63: 28848 | T63: =S63/$S$4 -> 0.030451194 | U63: 30884 | V63: =U63/$U$4 -> 0.031115656 | W63: 19475 | X63: =W63/$W$4 -> 0.033103465 | Y63: 25603 | Z63: =Y63/$Y$4 -> 0.042148949 | AA63: 37710 | AB63: 24264 | AC63: 33866 | AD63: 29071
A64: 69 | C64: N GA | D64: Very Small | E64: Greenville, SC | F64: Franklin | H64: =AVERAGE(N64,P64,R64,T64,V64,X64,Z64) -> 0.0042838709 | J64: =AVERAGE(N64,T64,V64) -> 0.0050868657 | K64: =AVERAGE(O64,Q64,W64,Y64) -> 3370.25 | L64: =AVERAGE(P64,R64,X64,Z64) -> 0.0036816248 | M64: 2596 | N64: =M64/$M$4 -> 0.0044078669 | O64: 4663 | P64: =O64/$O$4 -> 0.003956305 | Q64: 4704 | R64: =Q64/$Q$4 -> 0.0039045704 | S64: 5238 | T64: =S64/$S$4 -> 0.0055290958 | U64: 5284 | V64: =U64/$U$4 -> 0.0053236345 | W64: 1736 | X64: =W64/$W$4 -> 0.0029508403 | Y64: 2378 | Z64: =Y64/$Y$4 -> 0.0039147835 | AA64: 4621 | AB64: 2981 | AC64: 4083 | AD64: 3297
A65: 3 | B65: 2 | C65: Metro Atlanta | D65: Mega | E65: Atlanta | F65: Fulton | H65: =AVERAGE(N65,P65,R65,T65,V65,X65,Z65) -> 0.050353667 | J65: =AVERAGE(N65,T65,V65) -> 0.040042457 | K65: =AVERAGE(O65,Q65,W65,Y65) -> 51776.75 | L65: =AVERAGE(P65,R65,X65,Z65) -> 0.058087074 | M65: 27400 | N65: =M65/$M$4 -> 0.046523711 | O65: 67075 | P65: =O65/$O$4 -> 0.056909534 | Q65: 69796 | R65: =Q65/$Q$4 -> 0.057934396 | S65: 33861 | T65: =S65/$S$4 -> 0.035742786 | U65: 37579 | V65: =U65/$U$4 -> 0.037860874 | W65: 35081 | X65: =W65/$W$4 -> 0.059630431 | Y65: 35155 | Z65: =Y65/$Y$4 -> 0.057873933 | AA65: 64451 | AB65: 44613 | AC65: 58931 | AD65: 50016
A66: 41 | B66: 1 | C66: N GA | D66: Small | E66: Atlanta | F66: Gilmer | H66: =AVERAGE(N66,P66,R66,T66,V66,X66,Z66) -> 0.0065607675 | J66: =AVERAGE(N66,T66,V66) -> 0.0070167796 | K66: =AVERAGE(O66,Q66,W66,Y66) -> 5681 | L66: =AVERAGE(P66,R66,X66,Z66) -> 0.0062187584 | M66: 4369 | N66: =M66/$M$4 -> 0.0074183246 | O66: 7766 | P66: =O66/$O$4 -> 0.0065890338 | Q66: 7973 | R66: =Q66/$Q$4 -> 0.0066180145 | S66: 6445 | T66: =S66/$S$4 -> 0.0068031735 | U66: 6778 | V66: =U66/$U$4 -> 0.0068288407 | W66: 3155 | X66: =W66/$W$4 -> 0.0053628463 | Y66: 3830 | Z66: =Y66/$Y$4 -> 0.0063051391 | AA66: 7786 | AB66: 5198 | AC66: 6811 | AD66: 5419
A67: 143 | C67: Middle GA | D67: Micro | E67: Augusta | F67: Glascock | H67: =AVERAGE(N67,P67,R67,T67,V67,X67,Z67) -> 0.00079395149 | J67: =AVERAGE(N67,T67,V67) -> 0.00093308901 | K67: =AVERAGE(O67,Q67,W67,Y67) -> 615.25 | L67: =AVERAGE(P67,R67,X67,Z67) -> 0.00068959836 | M67: 470 | N67: =M67/$M$4 -> 0.00079803446 | O67: 805 | P67: =O67/$O$4 -> 0.00068299926 | Q67: 819 | R67: =Q67/$Q$4 -> 0.0006798136 | S67: 992 | T67: =S67/$S$4 -> 0.0010471293 | U67: 947 | V67: =U67/$U$4 -> 0.0009541033 | W67: 330 | X67: =W67/$W$4 -> 0.00056093162 | Y67: 507 | Z67: =Y67/$Y$4 -> 0.00083464896 | AA67: 770 | AB67: 510 | AC67: 615 | AD67: 448
A68: 23 | B68: 15 | C68: Coastal GA | D68: Mid-Small | E68: Jacksonville, FL | F68: Glynn | H68: =AVERAGE(N68,P68,R68,T68,V68,X68,Z68) -> 0.010839398 | J68: =AVERAGE(N68,T68,V68) -> 0.010511308 | K68: =AVERAGE(O68,Q68,W68,Y68) -> 9898.25 | L68: =AVERAGE(P68,R68,X68,Z68) -> 0.011085465 | M68: 6310 | N68: =M68/$M$4 -> 0.010714037 | O68: 13035 | P68: =O68/$O$4 -> 0.011059497 | Q68: 13218 | R68: =Q68/$Q$4 -> 0.010971644 | S68: 9701 | T68: =S68/$S$4 -> 0.010240122 | U68: 10501 | V68: =U68/$U$4 -> 0.010579766 | W68: 6532 | X68: =W68/$W$4 -> 0.011103047 | Y68: 6808 | Z68: =Y68/$Y$4 -> 0.011207673 | AA68: 12764 | AB68: 8644 | AC68: 11021 | AD68: 8568
A69: 37 | B69: 4 | C69: NW GA | D69: Small | E69: Atlanta | F69: Gordon | H69: =AVERAGE(N69,P69,R69,T69,V69,X69,Z69) -> 0.0074375644 | J69: =AVERAGE(N69,T69,V69) -> 0.0082200174 | K69: =AVERAGE(O69,Q69,W69,Y69) -> 6330.75 | L69: =AVERAGE(P69,R69,X69,Z69) -> 0.0068507247 | M69: 5064 | N69: =M69/$M$4 -> 0.0085983968 | O69: 8862 | P69: =O69/$O$4 -> 0.007518931 | Q69: 9073 | R69: =Q69/$Q$4 -> 0.007531073 | S69: 7735 | T69: =S69/$S$4 -> 0.0081648637 | U69: 7838 | V69: =U69/$U$4 -> 0.0078967916 | W69: 3556 | X69: =W69/$W$4 -> 0.0060444632 | Y69: 3832 | Z69: =Y69/$Y$4 -> 0.0063084316 | AA69: 8816 | AB69: 5887 | AC69: 7514 | AD69: 6115
A70: 90 | C70: S GA | D70: Very Small | E70: Tallahassee, FL | F70: Grady | H70: =AVERAGE(N70,P70,R70,T70,V70,X70,Z70) -> 0.002956009 | J70: =AVERAGE(N70,T70,V70) -> 0.0034455887 | K70: =AVERAGE(O70,Q70,W70,Y70) -> 2374 | L70: =AVERAGE(P70,R70,X70,Z70) -> 0.0025888242 | M70: 1647 | N70: =M70/$M$4 -> 0.0027965165 | O70: 3305 | P70: =O70/$O$4 -> 0.002804115 | Q70: 3332 | R70: =Q70/$Q$4 -> 0.0027657374 | S70: 3649 | T70: =S70/$S$4 -> 0.003851789 | U70: 3661 | V70: =U70/$U$4 -> 0.0036884606 | W70: 1472 | X70: =W70/$W$4 -> 0.002502095 | Y70: 1387 | Z70: =Y70/$Y$4 -> 0.0022833493 | AA70: 3125 | AB70: 2122 | AC70: 2594 | AD70: 1704
A71: 73 | C71: Middle GA | D71: Very Small | E71: Atlanta | F71: Greene | H71: =AVERAGE(N71,P71,R71,T71,V71,X71,Z71) -> 0.0035140111 | J71: =AVERAGE(N71,T71,V71) -> 0.003462904 | K71: =AVERAGE(O71,Q71,W71,Y71) -> 3294.75 | L71: =AVERAGE(P71,R71,X71,Z71) -> 0.0035523414 | M71: 2350 | N71: =M71/$M$4 -> 0.0039901723 | O71: 4653 | P71: =O71/$O$4 -> 0.0039478206 | Q71: 4761 | R71: =Q71/$Q$4 -> 0.0039518835 | S71: 2953 | T71: =S71/$S$4 -> 0.0031171096 | U71: 3257 | V71: =U71/$U$4 -> 0.0032814302 | W71: 2083 | X71: =W71/$W$4 -> 0.0035406684 | Y71: 1682 | Z71: =Y71/$Y$4 -> 0.0027689932 | AA71: 4815 | AB71: 2988 | AC71: 4261 | AD71: 3447
A72: 2 | B72: 7 | C72: Metro Atlanta | D72: Mega | E72: Atlanta | F72: Gwinnett | H72: =AVERAGE(N72,P72,R72,T72,V72,X72,Z72) -> 0.059474638 | J72: =AVERAGE(N72,T72,V72) -> 0.057240418 | K72: =AVERAGE(O72,Q72,W72,Y72) -> 53821.5 | L72: =AVERAGE(P72,R72,X72,Z72) -> 0.061150304 | M72: 29075 | N72: =M72/$M$4 -> 0.04936777 | O72: 68504 | P72: =O72/$O$4 -> 0.058121964 | Q72: 70227 | R72: =Q72/$Q$4 -> 0.058292149 | S72: 57897 | T72: =S72/$S$4 -> 0.061114559 | U72: 60783 | V72: =U72/$U$4 -> 0.061238924 | W72: 40312 | X72: =W72/$W$4 -> 0.068522047 | Y72: 36243 | Z72: =Y72/$Y$4 -> 0.059665054 | AA72: 61667 | AB72: 41495 | AC72: 56484 | AD72: 47348
A73: 33 | B73: 11 | C73: N GA | D73: Small | E73: Atlanta | F73: Habersham | H73: =AVERAGE(N73,P73,R73,T73,V73,X73,Z73) -> 0.0082974585 | J73: =AVERAGE(N73,T73,V73) -> 0.0090619021 | K73: =AVERAGE(O73,Q73,W73,Y73) -> 6874.25 | L73: =AVERAGE(P73,R73,X73,Z73) -> 0.0077241258 | M73: 4845 | N73: =M73/$M$4 -> 0.0082265467 | O73: 8995 | P73: =O73/$O$4 -> 0.0076317743 | Q73: 9123 | R73: =Q73/$Q$4 -> 0.0075725757 | S73: 9012 | T73: =S73/$S$4 -> 0.0095128316 | U73: 9376 | V73: =U73/$U$4 -> 0.0094463279 | W73: 4706 | X73: =W73/$W$4 -> 0.0079992249 | Y73: 4673 | Z73: =Y73/$Y$4 -> 0.0076929282 | AA73: 8963 | AB73: 5887 | AC73: 7716 | AD73: 6096
A74: 6 | B74: 5 | C74: N GA | D74: Large | E74: Atlanta | F74: Hall | H74: =AVERAGE(N74,P74,R74,T74,V74,X74,Z74) -> 0.028008075 | J74: =AVERAGE(N74,T74,V74) -> 0.028069458 | K74: =AVERAGE(O74,Q74,W74,Y74) -> 24768 | L74: =AVERAGE(P74,R74,X74,Z74) -> 0.027962037 | M74: 16864 | N74: =M74/$M$4 -> 0.028634156 | O74: 32129 | P74: =O74/$O$4 -> 0.027259731 | Q74: 32620 | R74: =Q74/$Q$4 -> 0.027076337 | S74: 26186 | T74: =S74/$S$4 -> 0.027641257 | U74: 27725 | V74: =U74/$U$4 -> 0.027932961 | W74: 18823 | X74: =W74/$W$4 -> 0.0319952 | Y74: 15500 | Z74: =Y74/$Y$4 -> 0.025516881 | AA74: 31654 | AB74: 20449 | AC74: 27985 | AD74: 23240
A75: 151 | C75: Middle GA | D75: Micro | E75: Macon | F75: Hancock | H75: =AVERAGE(N75,P75,R75,T75,V75,X75,Z75) -> 0.00039647712 | J75: =AVERAGE(N75,T75,V75) -> 0.00041323964 | K75: =AVERAGE(O75,Q75,W75,Y75) -> 373.5 | L75: =AVERAGE(P75,R75,X75,Z75) -> 0.00038390523 | M75: 285 | N75: =M75/$M$4 -> 0.00048391451 | O75: 574 | P75: =O75/$O$4 -> 0.00048700817 | Q75: 583 | R75: =Q75/$Q$4 -> 0.00048392104 | S75: 360 | T75: =S75/$S$4 -> 0.00038000659 | U75: 373 | V75: =U75/$U$4 -> 0.00037579781 | W75: 185 | X75: =W75/$W$4 -> 0.00031446167 | Y75: 152 | Z75: =Y75/$Y$4 -> 0.00025023006 | AA75: 604 | AB75: 411 | AC75: 508 | AD75: 367
A76: 55 | C76: West GA | D76: Very Small | E76: Atlanta | F76: Haralson | H76: =AVERAGE(N76,P76,R76,T76,V76,X76,Z76) -> 0.0054643021 | J76: =AVERAGE(N76,T76,V76) -> 0.0064925019 | K76: =AVERAGE(O76,Q76,W76,Y76) -> 4241.75 | L76: =AVERAGE(P76,R76,X76,Z76) -> 0.0046931523 | M76: 3352 | N76: =M76/$M$4 -> 0.0056915138 | O76: 5701 | P76: =O76/$O$4 -> 0.0048369923 | Q76: 5831 | R76: =Q76/$Q$4 -> 0.0048400404 | S76: 6672 | T76: =S76/$S$4 -> 0.0070427887 | U76: 6693 | V76: =U76/$U$4 -> 0.0067432031 | W76: 2768 | X76: =W76/$W$4 -> 0.0047050265 | Y76: 2667 | Z76: =Y76/$Y$4 -> 0.0043905499 | AA76: 5700 | AB76: 3810 | AC76: 4898 | AD76: 3840
A77: 45 | B77: 12 | C77: Columbus/Phenix | D77: Small | E77: Columbus | F77: Harris | H77: =AVERAGE(N77,P77,R77,T77,V77,X77,Z77) -> 0.0054501138 | J77: =AVERAGE(N77,T77,V77) -> 0.0054248415 | K77: =AVERAGE(O77,Q77,W77,Y77) -> 4922.25 | L77: =AVERAGE(P77,R77,X77,Z77) -> 0.0054690679 | M77: 3392 | N77: =M77/$M$4 -> 0.0057594317 | O77: 6546 | P77: =O77/$O$4 -> 0.0055539294 | Q77: 6676 | R77: =Q77/$Q$4 -> 0.0055414354 | S77: 4942 | T77: =S77/$S$4 -> 0.005216646 | U77: 5259 | V77: =U77/$U$4 -> 0.0052984469 | W77: 2514 | X77: =W77/$W$4 -> 0.0042732791 | Y77: 3953 | Z77: =Y77/$Y$4 -> 0.0065076279 | AA77: 6572 | AB77: 4293 | AC77: 5616 | AD77: 4269
A78: 72 | C78: N GA | D78: Very Small | E78: Greenville, SC | F78: Hart | H78: =AVERAGE(N78,P78,R78,T78,V78,X78,Z78) -> 0.0040934472 | J78: =AVERAGE(N78,T78,V78) -> 0.0049552549 | K78: =AVERAGE(O78,Q78,W78,Y78) -> 3298.5 | L78: =AVERAGE(P78,R78,X78,Z78) -> 0.0034470915 | M78: 2842 | N78: =M78/$M$4 -> 0.0048255616 | O78: 4923 | P78: =O78/$O$4 -> 0.0041769011 | Q78: 5007 | R78: =Q78/$Q$4 -> 0.0041560766 | S78: 4725 | T78: =S78/$S$4 -> 0.0049875865 | U78: 5015 | V78: =U78/$U$4 -> 0.0050526167 | W78: 1532 | X78: =W78/$W$4 -> 0.0026040826 | Y78: 1732 | Z78: =Y78/$Y$4 -> 0.0028513057 | AA78: 5305 | AB78: 3320 | AC78: 4508 | AD78: 3682
A79: 107 | C79: Middle GA | D79: Very Small | E79: Atlanta | F79: Heard | H79: =AVERAGE(N79,P79,R79,T79,V79,X79,Z79) -> 0.0020102757 | J79: =AVERAGE(N79,T79,V79) -> 0.0023493984 | K79: =AVERAGE(O79,Q79,W79,Y79) -> 1574.5 | L79: =AVERAGE(P79,R79,X79,Z79) -> 0.0017559337 | M79: 1479 | N79: =M79/$M$4 -> 0.0025112616 | O79: 2088 | P79: =O79/$O$4 -> 0.0017715558 | Q79: 2122 | R79: =Q79/$Q$4 -> 0.001761373 | S79: 2120 | T79: =S79/$S$4 -> 0.0022378166 | U79: 2282 | V79: =U79/$U$4 -> 0.0022991169 | W79: 998 | X79: =W79/$W$4 -> 0.0016963932 | Y79: 1090 | Z79: =Y79/$Y$4 -> 0.001794413 | AA79: 2079 | AB79: 1351 | AC79: 1822 | AD79: 1435
A80: 11 | B80: 16 | C80: Greater Metro Atlanta | D80: Mid-Large | E80: Atlanta | F80: Henry | H80: =AVERAGE(N80,P80,R80,T80,V80,X80,Z80) -> 0.018935148 | J80: =AVERAGE(N80,T80,V80) -> 0.017617198 | K80: =AVERAGE(O80,Q80,W80,Y80) -> 16863.25 | L80: =AVERAGE(P80,R80,X80,Z80) -> 0.019923611 | M80: 9196 | N80: =M80/$M$4 -> 0.015614308 | O80: 19697 | P80: =O80/$O$4 -> 0.016711846 | Q80: 20117 | R80: =Q80/$Q$4 -> 0.016698181 | S80: 17417 | T80: =S80/$S$4 -> 0.01838493 | U80: 18712 | V80: =U80/$U$4 -> 0.018852356 | W80: 14637 | X80: =W80/$W$4 -> 0.024879867 | Y80: 13002 | Z80: =Y80/$Y$4 -> 0.021404548 | AA80: 17423 | AB80: 11560 | AC80: 15922 | AD80: 12865
A81: 16 | B81: 8 | C81: Macon Metro | D81: Mid-Small | E81: Macon | F81: Houston | H81: =AVERAGE(N81,P81,R81,T81,V81,X81,Z81) -> 0.014738183 | J81: =AVERAGE(N81,T81,V81) -> 0.014951323 | K81: =AVERAGE(O81,Q81,W81,Y81) -> 13245.75 | L81: =AVERAGE(P81,R81,X81,Z81) -> 0.014578327 | M81: 8705 | N81: =M81/$M$4 -> 0.014780617 | O81: 18074 | P81: =O81/$O$4 -> 0.015334818 | Q81: 18309 | R81: =Q81/$Q$4 -> 0.015197445 | S81: 14177 | T81: =S81/$S$4 -> 0.01496487 | U81: 14996 | V81: =U81/$U$4 -> 0.015108483 | W81: 8466 | X81: =W81/$W$4 -> 0.014390446 | Y81: 8134 | Z81: =Y81/$Y$4 -> 0.013390601 | AA81: 17193 | AB81: 11529 | AC81: 15039 | AD81: 11879
A82: 119 | C82: S GA | D82: Very Small | E82: Albany | F82: Irwin | H82: =AVERAGE(N82,P82,R82,T82,V82,X82,Z82) -> 0.0014628074 | J82: =AVERAGE(N82,T82,V82) -> 0.0017471262 | K82: =AVERAGE(O82,Q82,W82,Y82) -> 1167 | L82: =AVERAGE(P82,R82,X82,Z82) -> 0.0012495683 | M82: 822 | N82: =M82/$M$4 -> 0.0013957113 | O82: 1682 | P82: =O82/$O$4 -> 0.0014270866 | Q82: 1690 | R82: =Q82/$Q$4 -> 0.00140279 | S82: 1866 | T82: =S82/$S$4 -> 0.0019697008 | U82: 1862 | V82: =U82/$U$4 -> 0.0018759666 | W82: 651 | X82: =W82/$W$4 -> 0.0011065651 | Y82: 645 | Z82: =Y82/$Y$4 -> 0.0010618315 | AA82: 1594 | AB82: 1080 | AC82: 1297 | AD82: 839
A83: 22 | B83: 5 | C83: Athens Area | D83: Mid-Small | E83: Atlanta | F83: Jackson | H83: =AVERAGE(N83,P83,R83,T83,V83,X83,Z83) -> 0.011464239 | J83: =AVERAGE(N83,T83,V83) -> 0.012211941 | K83: =AVERAGE(O83,Q83,W83,Y83) -> 9995 | L83: =AVERAGE(P83,R83,X83,Z83) -> 0.010903463 | M83: 7024 | N83: =M83/$M$4 -> 0.01192637 | O83: 13875 | P83: =O83/$O$4 -> 0.011772192 | Q83: 14044 | R83: =Q83/$Q$4 -> 0.011657268 | S83: 11558 | T83: =S83/$S$4 -> 0.012200323 | U83: 12416 | V83: =U83/$U$4 -> 0.01250913 | W83: 6144 | X83: =W83/$W$4 -> 0.010443527 | Y83: 5917 | Z83: =Y83/$Y$4 -> 0.0097408637 | AA83: 14335 | AB83: 9237 | AC83: 12892 | AD83: 10774
A84: 98 | C84: Middle GA | D84: Very Small | E84: Atlanta | F84: Jasper | H84: =AVERAGE(N84,P84,R84,T84,V84,X84,Z84) -> 0.0025381046 | J84: =AVERAGE(N84,T84,V84) -> 0.0026688621 | K84: =AVERAGE(O84,Q84,W84,Y84) -> 2196.5 | L84: =AVERAGE(P84,R84,X84,Z84) -> 0.0024400365 | M84: 1847 | N84: =M84/$M$4 -> 0.0031361056 | O84: 2946 | P84: =O84/$O$4 -> 0.0024995227 | Q84: 2982 | R84: =Q84/$Q$4 -> 0.0024752188 | S84: 2289 | T84: =S84/$S$4 -> 0.0024162085 | U84: 2436 | V84: =U84/$U$4 -> 0.0024542721 | W84: 1502 | X84: =W84/$W$4 -> 0.0025530888 | Y84: 1356 | Z84: =Y84/$Y$4 -> 0.0022323156 | AA84: 3079 | AB84: 2020 | AC84: 2681 | AD84: 2149
A85: 110 | C85: S GA | D85: Very Small | E85: Savannah | F85: Jeff Davis | H85: =AVERAGE(N85,P85,R85,T85,V85,X85,Z85) -> 0.0019609859 | J85: =AVERAGE(N85,T85,V85) -> 0.0023335283 | K85: =AVERAGE(O85,Q85,W85,Y85) -> 1534.75 | L85: =AVERAGE(P85,R85,X85,Z85) -> 0.0016815791 | M85: 1095 | N85: =M85/$M$4 -> 0.0018592505 | O85: 2098 | P85: =O85/$O$4 -> 0.0017800403 | Q85: 2147 | R85: =Q85/$Q$4 -> 0.0017821243 | S85: 2579 | T85: =S85/$S$4 -> 0.002722325 | U85: 2401 | V85: =U85/$U$4 -> 0.0024190095 | W85: 862 | X85: =W85/$W$4 -> 0.0014652214 | Y85: 1032 | Z85: =Y85/$Y$4 -> 0.0016989304 | AA85: 2036 | AB85: 1390 | AC85: 1621 | AD85: 1080
A86: 114 | C86: Middle GA | D86: Very Small | E86: Augusta | F86: Jefferson | H86: =AVERAGE(N86,P86,R86,T86,V86,X86,Z86) -> 0.0013169567 | J86: =AVERAGE(N86,T86,V86) -> 0.00099174908 | K86: =AVERAGE(O86,Q86,W86,Y86) -> 1404 | L86: =AVERAGE(P86,R86,X86,Z86) -> 0.0015608624 | M86: 983 | N86: =M86/$M$4 -> 0.0016690806 | O86: 1881 | P86: =O86/$O$4 -> 0.0015959275 | Q86: 1894 | R86: =Q86/$Q$4 -> 0.0015721208 | S86: 638 | T86: =S86/$S$4 -> 0.00067345612 | U86: 628 | V86: =U86/$U$4 -> 0.00063271053 | W86: 834 | X86: =W86/$W$4 -> 0.0014176272 | Y86: 1007 | Z86: =Y86/$Y$4 -> 0.0016577742 | AA86: 1821 | AB86: 1250 | AC86: 1465 | AD86: 1063
A87: 139 | C87: Middle GA | D87: Micro | E87: Augusta | F87: Jenkins | H87: =AVERAGE(N87,P87,R87,T87,V87,X87,Z87) -> 0.0006885089 | J87: =AVERAGE(N87,T87,V87) -> 0.00049673109 | K87: =AVERAGE(O87,Q87,W87,Y87) -> 759.75 | L87: =AVERAGE(P87,R87,X87,Z87) -> 0.00083234226 | M87: 502 | N87: =M87/$M$4 -> 0.00085236872 | O87: 1051 | P87: =O87/$O$4 -> 0.00089171704 | Q87: 1053 | R87: =Q87/$Q$4 -> 0.00087404606 | S87: 295 | T87: =S87/$S$4 -> 0.00031139429 | U87: 324 | V87: =U87/$U$4 -> 0.00032643027 | W87: 455 | X87: =W87/$W$4 -> 0.00077340572 | Y87: 480 | Z87: =Y87/$Y$4 -> 0.0007902002 | AA87: 996 | AB87: 671 | AC87: 887 | AD87: 656
A88: 118 | C88: Middle GA | D88: Very Small | E88: Macon | F88: Johnson | H88: =AVERAGE(N88,P88,R88,T88,V88,X88,Z88) -> 0.0015696453 | J88: =AVERAGE(N88,T88,V88) -> 0.001633712 | K88: =AVERAGE(O88,Q88,W88,Y88) -> 1337 | L88: =AVERAGE(P88,R88,X88,Z88) -> 0.0015215952 | M88: 859 | N88: =M88/$M$4 -> 0.0014585353 | O88: 1712 | P88: =O88/$O$4 -> 0.00145254 | Q88: 1712 | R88: =Q88/$Q$4 -> 0.0014210511 | S88: 1676 | T88: =S88/$S$4 -> 0.0017691418 | U88: 1661 | V88: =U88/$U$4 -> 0.0016734589 | W88: 848 | X88: =W88/$W$4 -> 0.0014414243 | Y88: 1076 | Z88: =Y88/$Y$4 -> 0.0017713654 | AA88: 1643 | AB88: 1094 | AC88: 1238 | AD88: 817
A89: 64 | C89: Macon Metro | D89: Very Small | E89: Macon | F89: Jones | H89: =AVERAGE(N89,P89,R89,T89,V89,X89,Z89) -> 0.0040537267 | J89: =AVERAGE(N89,T89,V89) -> 0.0041277326 | K89: =AVERAGE(O89,Q89,W89,Y89) -> 3534.25 | L89: =AVERAGE(P89,R89,X89,Z89) -> 0.0039982223 | M89: 2577 | N89: =M89/$M$4 -> 0.004375606 | O89: 4560 | P89: =O89/$O$4 -> 0.003868915 | Q89: 4628 | R89: =Q89/$Q$4 -> 0.0038414864 | S89: 3709 | T89: =S89/$S$4 -> 0.0039151234 | U89: 4062 | V89: =U89/$U$4 -> 0.0040924684 | W89: 2525 | X89: =W89/$W$4 -> 0.0042919768 | Y89: 2424 | Z89: =Y89/$Y$4 -> 0.003990511 | AA89: 4408 | AB89: 2932 | AC89: 3810 | AD89: 2860
A90: 87 | C90: Middle GA | D90: Very Small | E90: Atlanta | F90: Lamar | H90: =AVERAGE(N90,P90,R90,T90,V90,X90,Z90) -> 0.0027065826 | J90: =AVERAGE(N90,T90,V90) -> 0.0027175197 | K90: =AVERAGE(O90,Q90,W90,Y90) -> 2424.5 | L90: =AVERAGE(P90,R90,X90,Z90) -> 0.0026983798 | M90: 1684 | N90: =M90/$M$4 -> 0.0028593405 | O90: 3222 | P90: =O90/$O$4 -> 0.0027336939 | Q90: 3295 | R90: =Q90/$Q$4 -> 0.0027350254 | S90: 2490 | T90: =S90/$S$4 -> 0.0026283789 | U90: 2645 | V90: =U90/$U$4 -> 0.0026648397 | W90: 1645 | X90: =W90/$W$4 -> 0.0027961591 | Y90: 1536 | Z90: =Y90/$Y$4 -> 0.0025286406 | AA90: 3272 | AB90: 2136 | AC90: 2829 | AD90: 2188
A91: 131 | C91: S GA | D91: Micro | E91: Tallahassee, FL | F91: Lanier | H91: =AVERAGE(N91,P91,R91,T91,V91,X91,Z91) -> 0.0010486398 | J91: =AVERAGE(N91,T91,V91) -> 0.00098986147 | K91: =AVERAGE(O91,Q91,W91,Y91) -> 950 | L91: =AVERAGE(P91,R91,X91,Z91) -> 0.0010927236 | M91: 457 | N91: =M91/$M$4 -> 0.00077596116 | O91: 1179 | P91: =O91/$O$4 -> 0.0010003182 | Q91: 1199 | R91: =Q91/$Q$4 -> 0.00099523383 | S91: 1054 | T91: =S91/$S$4 -> 0.0011125748 | U91: 1073 | V91: =U91/$U$4 -> 0.0010810484 | W91: 642 | X91: =W91/$W$4 -> 0.001091267 | Y91: 780 | Z91: =Y91/$Y$4 -> 0.0012840753 | AA91: 828 | AB91: 628 | AC91: 660 | AD91: 481
A92: 42 | B92: 8 | C92: Middle GA | D92: Small | E92: Macon | F92: Laurens | H92: =AVERAGE(N92,P92,R92,T92,V92,X92,Z92) -> 0.0059373022 | J92: =AVERAGE(N92,T92,V92) -> 0.0054348024 | K92: =AVERAGE(O92,Q92,W92,Y92) -> 5578.25 | L92: =AVERAGE(P92,R92,X92,Z92) -> 0.006314177 | M92: 3488 | N92: =M92/$M$4 -> 0.0059224344 | O92: 7216 | P92: =O92/$O$4 -> 0.0061223884 | Q92: 7247 | R92: =Q92/$Q$4 -> 0.0060153958 | S92: 5086 | T92: =S92/$S$4 -> 0.0053686486 | U92: 4976 | V92: =U92/$U$4 -> 0.0050133242 | W92: 3658 | X92: =W92/$W$4 -> 0.006217842 | Y92: 4192 | Z92: =Y92/$Y$4 -> 0.0069010818 | AA92: 6916 | AB92: 4575 | AC92: 6118 | AD92: 4224
A93: 60 | B93: 17 | C93: S GA | D93: Very Small | E93: Albany | F93: Lee | H93: =AVERAGE(N93,P93,R93,T93,V93,X93,Z93) -> 0.0045888578 | J93: =AVERAGE(N93,T93,V93) -> 0.0050020572 | K93: =AVERAGE(O93,Q93,W93,Y93) -> 3940 | L93: =AVERAGE(P93,R93,X93,Z93) -> 0.0042789582 | M93: 2853 | N93: =M93/$M$4 -> 0.004844239 | O93: 5500 | P93: =O93/$O$4 -> 0.0046664546 | Q93: 5581 | R93: =Q93/$Q$4 -> 0.0046325271 | S93: 4868 | T93: =S93/$S$4 -> 0.0051385335 | U93: 4986 | V93: =U93/$U$4 -> 0.0050233992 | W93: 2130 | X93: =W93/$W$4 -> 0.0036205587 | Y93: 2549 | Z93: =Y93/$Y$4 -> 0.0041962923 | AA93: 5172 | AB93: 3445 | AC93: 4433 | AD93: 3321
A94: 96 | C94: Coastal GA | D94: Very Small | E94: Savannah | F94: Liberty | H94: =AVERAGE(N94,P94,R94,T94,V94,X94,Z94) -> 0.0022870654 | J94: =AVERAGE(N94,T94,V94) -> 0.0019586897 | K94: =AVERAGE(O94,Q94,W94,Y94) -> 2249.5 | L94: =AVERAGE(P94,R94,X94,Z94) -> 0.0025333471 | M94: 1450 | N94: =M94/$M$4 -> 0.0024620212 | O94: 2908 | P94: =O94/$O$4 -> 0.0024672818 | Q94: 2976 | R94: =Q94/$Q$4 -> 0.0024702384 | S94: 1606 | T94: =S94/$S$4 -> 0.0016952516 | U94: 1706 | V94: =U94/$U$4 -> 0.0017187964 | W94: 1297 | X94: =W94/$W$4 -> 0.0022046313 | Y94: 1817 | Z94: =Y94/$Y$4 -> 0.002991237 | AA94: 2808 | AB94: 2015 | AC94: 2379 | AD94: 1861
A95: 112 | C95: Middle GA | D95: Very Small | E95: Augusta | F95: Lincoln | H95: =AVERAGE(N95,P95,R95,T95,V95,X95,Z95) -> 0.0017268204 | J95: =AVERAGE(N95,T95,V95) -> 0.0017112767 | K95: =AVERAGE(O95,Q95,W95,Y95) -> 1520.5 | L95: =AVERAGE(P95,R95,X95,Z95) -> 0.0017384782 | M95: 1031 | N95: =M95/$M$4 -> 0.001750582 | O95: 1908 | P95: =O95/$O$4 -> 0.0016188355 | Q95: 1941 | R95: =Q95/$Q$4 -> 0.0016111333 | S95: 1615 | T95: =S95/$S$4 -> 0.0017047518 | U95: 1666 | V95: =U95/$U$4 -> 0.0016784964 | W95: 894 | X95: =W95/$W$4 -> 0.0015196148 | Y95: 1339 | Z95: =Y95/$Y$4 -> 0.0022043293 | AA95: 1897 | AB95: 1284 | AC95: 1639 | AD95: 1090
A96: 129 | C96: S GA | D96: Very Small | E96: Savannah | F96: Long | H96: =AVERAGE(N96,P96,R96,T96,V96,X96,Z96) -> 0.0012729725 | J96: =AVERAGE(N96,T96,V96) -> 0.0015676547 | K96: =AVERAGE(O96,Q96,W96,Y96) -> 991 | L96: =AVERAGE(P96,R96,X96,Z96) -> 0.0010519609 | M96: 850 | N96: =M96/$M$4 -> 0.0014432538 | O96: 1434 | P96: =O96/$O$4 -> 0.001216672 | Q96: 1470 | R96: =Q96/$Q$4 -> 0.0012201783 | S96: 1623 | T96: =S96/$S$4 -> 0.0017131964 | U96: 1535 | V96: =U96/$U$4 -> 0.0015465138 | W96: 485 | X96: =W96/$W$4 -> 0.00082439951 | Y96: 575 | Z96: =Y96/$Y$4 -> 0.00094659399 | AA96: 1422 | AB96: 977 | AC96: 1112 | AD96: 867
A97: 29 | B97: 17 | C97: S GA | D97: Small | E97: Tallahassee, FL | F97: Lowndes | H97: =AVERAGE(N97,P97,R97,T97,V97,X97,Z97) -> 0.0082105371 | J97: =AVERAGE(N97,T97,V97) -> 0.0078146069 | K97: =AVERAGE(O97,Q97,W97,Y97) -> 7761 | L97: =AVERAGE(P97,R97,X97,Z97) -> 0.0085074848 | M97: 5086 | N97: =M97/$M$4 -> 0.0086357516 | O97: 10660 | P97: =O97/$O$4 -> 0.0090444374 | Q97: 10778 | R97: =Q97/$Q$4 -> 0.0089463138 | S97: 7080 | T97: =S97/$S$4 -> 0.0074734629 | U97: 7280 | V97: =U97/$U$4 -> 0.0073346061 | W97: 4208 | X97: =W97/$W$4 -> 0.0071527281 | Y97: 5398 | Z97: =Y97/$Y$4 -> 0.0088864598 | AA97: 10239 | AB97: 6909 | AC97: 9054 | AD97: 6985
A98: 52 | B98: 11 | C98: N GA | D98: Very Small | E98: Atlanta | F98: Lumpkin | H98: =AVERAGE(N98,P98,R98,T98,V98,X98,Z98) -> 0.0056109372 | J98: =AVERAGE(N98,T98,V98) -> 0.0064830233 | K98: =AVERAGE(O98,Q98,W98,Y98) -> 4429.75 | L98: =AVERAGE(P98,R98,X98,Z98) -> 0.0049568727 | M98: 3744 | N98: =M98/$M$4 -> 0.0063571085 | O98: 5832 | P98: =O98/$O$4 -> 0.0049481387 | Q98: 5957 | R98: =Q98/$Q$4 -> 0.0049446271 | S98: 6109 | T98: =S98/$S$4 -> 0.0064485007 | U98: 6594 | V98: =U98/$U$4 -> 0.0066434606 | W98: 3221 | X98: =W98/$W$4 -> 0.0054750326 | Y98: 2709 | Z98: =Y98/$Y$4 -> 0.0044596924 | AA98: 5994 | AB98: 3993 | AC98: 5319 | AD98: 4301
A99: 145 | C99: Middle GA | D99: Micro | E99: Macon | F99: Macon | H99: =AVERAGE(N99,P99,R99,T99,V99,X99,Z99) -> 0.00060244489 | J99: =AVERAGE(N99,T99,V99) -> 0.00056218674 | K99: =AVERAGE(O99,Q99,W99,Y99) -> 573.5 | L99: =AVERAGE(P99,R99,X99,Z99) -> 0.00063263851 | M99: 481 | N99: =M99/$M$4 -> 0.00081671186 | O99: 778 | P99: =O99/$O$4 -> 0.00066009121 | Q99: 790 | R99: =Q99/$Q$4 -> 0.00065574206 | S99: 406 | T99: =S99/$S$4 -> 0.00042856298 | U99: 438 | V99: =U99/$U$4 -> 0.00044128537 | W99: 365 | X99: =W99/$W$4 -> 0.00062042437 | Y99: 361 | Z99: =Y99/$Y$4 -> 0.0005942964 | AA99: 757 | AB99: 545 | AC99: 607 | AD99: 414
A100: 51 | C100: Athens Area | D100: Very Small | E100: Atlanta | F100: Madison | H100: =AVERAGE(N100,P100,R100,T100,V100,X100,Z100) -> 0.0054020695 | J100: =AVERAGE(N100,T100,V100) -> 0.0056526874 | K100: =AVERAGE(O100,Q100,W100,Y100) -> 4650.25 | L100: =AVERAGE(P100,R100,X100,Z100) -> 0.005214106 | M100: 3124 | N100: =M100/$M$4 -> 0.0053043822 | O100: 6125 | P100: =O100/$O$4 -> 0.0051967335 | Q100: 6193 | R100: =Q100/$Q$4 -> 0.0051405197 | S100: 5594 | T100: =S100/$S$4 -> 0.0059048801 | U100: 5706 | V100: =U100/$U$4 -> 0.0057487998 | W100: 3283 | X100: =W100/$W$4 -> 0.0055804197 | Y100: 3000 | Z100: =Y100/$Y$4 -> 0.0049387513 | AA100: 6060 | AB100: 3949 | AC100: 5196 | AD100: 4224
A101: 136 | C101: Middle GA | D101: Micro | E101: Columbus | F101: Marion | H101: =AVERAGE(N101,P101,R101,T101,V101,X101,Z101) -> 0.00097520968 | J101: =AVERAGE(N101,T101,V101) -> 0.0010623862 | K101: =AVERAGE(O101,Q101,W101,Y101) -> 849.75 | L101: =AVERAGE(P101,R101,X101,Z101) -> 0.00090982732 | M101: 536 | N101: =M101/$M$4 -> 0.00091009887 | O101: 1204 | P101: =O101/$O$4 -> 0.0010215293 | Q101: 1243 | R101: =Q101/$Q$4 -> 0.0010317562 | S101: 1113 | T101: =S101/$S$4 -> 0.0011748537 | U101: 1094 | V101: =U101/$U$4 -> 0.0011022059 | W101: 351 | X101: =W101/$W$4 -> 0.00059662727 | Y101: 601 | Z101: =Y101/$Y$4 -> 0.0009893965 | AA101: 1111 | AB101: 743 | AC101: 839 | AD101: 585
A102: 93 | C102: Middle GA | D102: Very Small | E102: Augusta | F102: McDuffie | H102: =AVERAGE(N102,P102,R102,T102,V102,X102,Z102) -> 0.0025329316 | J102: =AVERAGE(N102,T102,V102) -> 0.0025411143 | K102: =AVERAGE(O102,Q102,W102,Y102) -> 2272.75 | L102: =AVERAGE(P102,R102,X102,Z102) -> 0.0025267945 | M102: 1748 | N102: =M102/$M$4 -> 0.002968009 | O102: 3048 | P102: =O102/$O$4 -> 0.0025860643 | Q102: 3074 | R102: =Q102/$Q$4 -> 0.0025515837 | S102: 2068 | T102: =S102/$S$4 -> 0.0021829267 | U102: 2454 | V102: =U102/$U$4 -> 0.0024724071 | W102: 1528 | X102: =W102/$W$4 -> 0.0025972834 | Y102: 1441 | Z102: =Y102/$Y$4 -> 0.0023722469 | AA102: 2962 | AB102: 2029 | AC102: 2507 | AD102: 1856
...
